ID,LABEL
GTWSHFYQ,0
QTFSSMGD,0
TBLBHSYT,0
ZKETEOFG,0
GKTPBGZP,0
KHIMVBMD,0
KUTPOASE,0
NVCFDCZE,0
CHDDLHBE,0
HIJQIQJT,0
EBGJIADB,0
UXFTRJWE,0
XSPSFLYM,0
FTBBVMHK,0
AIJRYHWY,0
BBWIVFOO,0
LPFSZWIK,0
NMXAIQPW,0
HLQHFYIS,0
PCPQBVFW,0
MCIMQNFQ,0
NQRJCNWO,0
JAUGWQFK,0
WTATMMWS,0
QKBVQVUQ,0
IBJJCNUL,0
AAKRKIZP,0
LGUSGVBE,0
XFWKEWYK,0
VRKXUDSO,0
OZGPKWXR,0
TUSENBWD,0
ONZZVNYO,0
SIEWUKNU,0
OBZIRAIT,0
FWEHCLXU,0
VXDFSKHL,0
QGQBPWLJ,0
NNJUQOYL,0
GBGGZUCR,0
LWOMGDGX,0
FHZJFRTA,0
RIHEHUTM,0
RMTPXZVC,0
IUYQGMUM,0
JUQVMIEU,0
OQZHUNYA,0
PACSUFQI,0
FUYAZRWU,0
EFNICHKM,0
PKNRNBBA,0
KYKYIYJU,0
OUDDWOML,0
RTAHZTRY,0
HNRQLBBN,0
MQVOPYYH,0
AVXLCBJH,0
XFBRFQRL,0
ULEJXJXQ,0
RNEYKHMR,0
WVTDEKEX,0
CIGNXREQ,0
CMJPTDMO,0
TMFAGLAS,0
BPMOOTCZ,0
KVHDQRUE,0
ACPRJNQA,0
KBAKWKNW,0
CQGHATNA,0
XZCNSJAC,0
FJQDGUND,0
IACYLJXI,0
CGBUGUQW,0
SMENQGVO,0
NAFSBYVK,0
QUUDWCHL,0
OPSQITNE,0
UHRZNUCQ,0
RQZCAYRX,0
KGOETYSK,0
ZPPGWFUO,0
KIRUHEIC,0
