Image_ID,Target
ID_0073qfb8,0
ID_00gy3vH2,1
ID_00uB3UFr,0
ID_012xZpNw,1
ID_014GgMRb,1
ID_021lsxgh,1
ID_02K3nzug,1
ID_02NwpiN6,0
ID_034NtJIq,1
ID_048VVzNB,0
ID_04tAQaYf,1
ID_05FR1jY5,0
ID_06GexRYL,0
ID_06i4hoXC,1
ID_07hKQSPv,1
ID_08SqjYAX,0
ID_092f6DCX,1
ID_093uOtmR,1
ID_09BMPscN,0
ID_09Bw6YlF,0
ID_09XZU3Lg,0
ID_09YBTNeC,0
ID_09eRG3Zw,1
ID_09iqSqxs,0
ID_09jiQBZu,0
ID_0AaCFhLF,1
ID_0BqJSK8n,1
ID_0BwuqqYB,1
ID_0Cx3WnGZ,1
ID_0DTIMhEg,1
ID_0DtLHikG,1
ID_0EIU1iRc,0
ID_0FVVzrWZ,1
ID_0H5lbGSD,1
ID_0HxVF7WT,0
ID_0I74mrpn,1
ID_0IBqzrJk,1
ID_0IjQTTWI,0
ID_0JFWHrK5,1
ID_0JIh2aAC,1
ID_0KJNEj2Y,1
ID_0KYd1Jsp,1
ID_0M2GVEyT,1
ID_0MFEHrvJ,0
ID_0NOXFYhC,1
ID_0NmrjQUF,1
ID_0O4pGi9g,0
ID_0OAmgUqo,0
ID_0OWXSr1X,1
ID_0QBRoa4n,1
ID_0QEb9TbA,1
ID_0Qrrtf9F,1
ID_0QxQ4s2w,1
ID_0RFZutNZ,0
ID_0RkaBIAu,1
ID_0RxJDvxp,1
ID_0Sep0Ytf,1
ID_0TJV82f0,0
ID_0TbPQFrB,0
ID_0Toxf789,1
ID_0UVSUibj,0
ID_0V4W96AC,1
ID_0V7cpkmX,1
ID_0VCLY6DG,1
ID_0VWhLg4B,0
ID_0XzPQE7a,1
ID_0YDlsrUe,1
ID_0ZPcwQzT,1
ID_0ZX032V5,0
ID_0ZilBaB5,0
ID_0b2kZHfi,1
ID_0cbr1WMw,1
ID_0d85lSSy,1
ID_0f9vVcZO,1
ID_0fuokdLC,0
ID_0g8nA8i5,1
ID_0gi8NkrA,1
ID_0gtH7J2U,0
ID_0hWuFgqJ,0
ID_0hdpvubb,0
ID_0iWHpj0h,0
ID_0id5KHzT,1
ID_0iexpli4,1
ID_0io7BhrS,1
ID_0ji4GZdq,1
ID_0kYTBD7m,0
ID_0khJR8v3,1
ID_0liFcSPv,1
ID_0lpj6OJc,1
ID_0lsSItat,0
ID_0m5XE0Qs,1
ID_0mp2bAOn,1
ID_0ncYuqu0,1
ID_0o5OjL6t,1
ID_0oYj6Svu,1
ID_0p4DEU56,1
ID_0pNeJzlo,1
ID_0qLV576A,1
ID_0qyQjcrp,1
ID_0r6QnYdR,0
ID_0r8LYAM9,1
ID_0rL3irCb,1
ID_0skZg1Eb,1
ID_0svaaXDF,0
ID_0ufQ91Ab,1
ID_0ugkHjvE,1
ID_0uhKbzhb,1
ID_0vAwYwUz,1
ID_0vaMS8G5,0
ID_0wK2n9bB,1
ID_0xBtgC7A,1
ID_0yBkQliU,0
ID_0yEzvC1O,1
ID_0yurVB5j,1
ID_0yvLL3L7,0
ID_0z85PMrs,1
ID_0zaWRIL5,0
ID_0zhj4UVB,1
ID_10W7wvlh,1
ID_10YlEuDf,1
ID_11EbBoAU,1
ID_11QrIibX,1
ID_11V280oY,1
ID_11hkhTxI,0
ID_137Bp6qc,1
ID_13CT67Xp,0
ID_13HR7CUq,0
ID_13Jy5Ejn,1
ID_13t56uJR,0
ID_13w6qYa7,1
ID_13yPcs0e,0
ID_14JZ4lMK,1
ID_168Y5A0M,0
ID_16Nl0avG,1
ID_16xmNIkb,0
ID_17HFF0og,1
ID_17N4Hs2e,0
ID_17nLkFOW,1
ID_189y2YbI,1
ID_18gfcsyF,1
ID_192YqGR2,0
ID_19mAVxk8,0
ID_1A6PmilQ,1
ID_1AZnHBgU,1
ID_1Ac6CUEA,1
ID_1AfkYuNI,1
ID_1Aw8bAn7,0
ID_1BdEqUpq,0
ID_1BgVHHU9,1
ID_1DEURAu8,0
ID_1DziNNsj,1
ID_1E4eH1fB,1
ID_1EBg4gO8,1
ID_1EG3clAq,1
ID_1EMaqxxu,0
ID_1EOm3Ru6,1
ID_1EbVfZOQ,1
ID_1GINtr5n,0
ID_1GtMavzb,1
ID_1HLQYAeb,0
ID_1I364oHY,0
ID_1JPaHDEg,0
ID_1Jgn8qbl,0
ID_1JtR1ScJ,0
ID_1K16VyLi,1
ID_1KBNyLop,0
ID_1KVHbAK6,1
ID_1KkJMlGK,1
ID_1M0cb0Il,0
ID_1MFNTcpp,0
ID_1MJbrlBM,1
ID_1MPsKjYj,1
ID_1MadDzHM,1
ID_1MgQmcxm,0
ID_1Ml20JDy,1
ID_1O1J3mCC,0
ID_1OB9BLTV,0
ID_1OJ4HEio,1
ID_1Q2fXdpE,1
ID_1Q2xbZIC,1
ID_1QtvPkN3,0
ID_1RFRqBty,1
ID_1SZXaSTS,0
ID_1SagmsAa,1
ID_1TBsCMBa,0
ID_1TaQvB3d,0
ID_1TflZLYp,0
ID_1TlkbYI0,0
ID_1U7mOIJm,0
ID_1UZp3VbG,0
ID_1Uc9v5GM,1
ID_1VywCXcM,1
ID_1WUyKwIR,0
ID_1WYky3bd,1
ID_1Ws4Eqae,0
ID_1Yc0TQul,0
ID_1ZGpkQ27,0
ID_1ZIUag5x,1
ID_1ZOhAQBx,0
ID_1ZyUr3oi,1
ID_1a8Hok5O,1
ID_1b7OLfpl,1
ID_1bqv2Hn9,0
ID_1bxRYAel,1
ID_1c96SZ5O,0
ID_1cXDuhmm,1
ID_1co31JmN,1
ID_1dDmJfiv,0
ID_1dT0el0X,1
ID_1dZYMm7r,1
ID_1dwNPkfA,1
ID_1eEuNhHF,1
ID_1ebkCoHe,1
ID_1eqCKyrP,1
ID_1ey7WHEc,1
ID_1ffob61S,1
ID_1fstqUv1,1
ID_1iWRJLYa,1
ID_1iYZlMkS,0
ID_1l39PqUf,0
ID_1lCARLHk,0
ID_1lXsT2kO,1
ID_1lZ1qnz3,1
ID_1lwfDPUR,1
ID_1m0bD3Az,1
ID_1mVwroW2,1
ID_1mzla010,1
ID_1nrjrgiy,0
ID_1o2KB5Io,1
ID_1o8m5irn,1
ID_1oKLrdWf,1
ID_1oZHTiwg,1
ID_1p89zx11,0
ID_1qcIGY2j,0
ID_1quV3oO1,1
ID_1qvhK6mc,1
ID_1r7njooZ,1
ID_1rOPCwY0,1
ID_1s6ugVDT,1
ID_1sKWdii7,1
ID_1tDT8TKb,1
ID_1tETGMoV,0
ID_1tWQGnFI,1
ID_1u7HsVCa,1
ID_1u7Rzrfm,1
ID_1uAt4zVF,1
ID_1uHA5IM0,0
ID_1uJuMCzl,1
ID_1ugwP8VH,0
ID_1up1SNCc,0
ID_1vGvKcW5,1
ID_1wGaq2IM,0
ID_1wJRXRq0,0
ID_1weuOPqA,0
ID_1wiHJQz8,1
ID_1xGqWMjA,1
ID_1zNKAuLE,0
ID_20qVZaXs,1
ID_21GNMVIa,1
ID_21mZFhlH,0
ID_21v1HdMS,0
ID_22Tbrozx,1
ID_23VHCDtG,0
ID_23mMQd8s,1
ID_242qQCo1,0
ID_249iyX23,1
ID_25XtbZt8,0
ID_25qqm1Yi,0
ID_26O7EHVF,1
ID_26PC878z,0
ID_26UIcz6W,1
ID_26kN6vBk,1
ID_26zKuHLt,0
ID_27BxRNgE,1
ID_27HGNfNi,1
ID_27Wl0LJb,0
ID_28yzaWv2,0
ID_28zELCuj,1
ID_2AVh6IwE,1
ID_2BBgtp2g,1
ID_2C1CPlGO,0
ID_2CCODlxD,0
ID_2CDlI77Q,1
ID_2CGtBV1b,0
ID_2CdkuRnt,0
ID_2CwA6tCn,1
ID_2DPoFOgk,1
ID_2DlaP2lj,1
ID_2DwzgsyL,1
ID_2EAwv1qe,1
ID_2EqNrSqQ,1
ID_2FMDeAA1,0
ID_2FjAyR1Z,1
ID_2GbK1Wra,0
ID_2GlISy2d,0
ID_2HZTKAqe,1
ID_2JOheT6T,1
ID_2JrVilDA,0
ID_2KTTQvTV,1
ID_2KtFytMV,0
ID_2LFMWKII,0
ID_2LWuD0Cm,0
ID_2Lip1oKr,0
ID_2MdtPA8w,1
ID_2NGC3BgP,0
ID_2NXKyUKS,1
ID_2NpeAymS,1
ID_2O4DOUpi,1
ID_2OpvNMpz,1
ID_2OzJ9KuV,0
ID_2Paa7veO,1
ID_2QpSj6pt,1
ID_2SIWPxhY,1
ID_2UEh6zJW,1
ID_2UIIWVkJ,0
ID_2UVkydRa,0
ID_2VNdDAPV,0
ID_2VXMYdYf,0
ID_2WBgsHDg,0
ID_2WHCBZZS,1
ID_2WWK6aKZ,0
ID_2Wj0gnGQ,1
ID_2Wp7cgIx,0
ID_2XCKN4HB,1
ID_2YkP6Rvb,0
ID_2YrWHkFz,1
ID_2ZYJlsRR,0
ID_2ZmxBHkh,0
ID_2aBlmXUO,0
ID_2b5XjjiA,1
ID_2c2ltRL5,0
ID_2cMjRdN9,1
ID_2d8lB41i,0
ID_2eO5x78O,1
ID_2eb8ujpG,0
ID_2fPbH4sb,0
ID_2fVNKhmS,1
ID_2fZ8g08a,1
ID_2gKPlhXp,1
ID_2iHtMPGe,1
ID_2iNxOBaD,1
ID_2iq4MsLA,1
ID_2k0UoTh5,0
ID_2k3q9SiV,0
ID_2lmfB4Tt,1
ID_2lqpxTzL,1
ID_2m16d7CI,0
ID_2mJylFTc,1
ID_2nVhyLUg,1
ID_2o70UGCS,0
ID_2p48WvgE,1
ID_2p5ZZkrz,1
ID_2peWMXDa,0
ID_2q20crA8,0
ID_2qJkwe3C,1
ID_2qk0D94z,1
ID_2sI42KTr,1
ID_2sk8A8aH,0
ID_2sv1SVzb,1
ID_2sy2lTeY,1
ID_2tHGmpMt,1
ID_2ttobWwy,1
ID_2ukwsbgk,0
ID_2wC3pUfW,0
ID_2yMNbun5,0
ID_2ydOjfyQ,1
ID_2zv3SlDZ,1
ID_3022rbLS,1
ID_304Uooqs,0
ID_30MS7DVZ,1
ID_30bjlrdO,1
ID_32quxOmw,0
ID_34bpU141,0
ID_35FckdxW,1
ID_36Zo8RHz,1
ID_38Pjm81x,1
ID_38QWlUX2,1
ID_38XhyXBE,0
ID_38jB7o5R,1
ID_39Wv4cZw,0
ID_39X6v8HD,1
ID_3A6YUNAb,0
ID_3AhnTxJa,1
ID_3AueuPJO,1
ID_3BPneWfN,0
ID_3BhNdir2,1
ID_3BpwhZ3b,1
ID_3CKytbfR,0
ID_3DKH6yRS,1
ID_3ELnv7C4,0
ID_3F6vy137,1
ID_3ISBPM8m,1
ID_3IrTosxM,1
ID_3IsJvFW4,1
ID_3JJao44j,0
ID_3Kl1FHJP,0
ID_3Ky4UeUs,0
ID_3LHLYqby,1
ID_3LYuVqYd,0
ID_3LdhvrkV,1
ID_3LgNURl3,0
ID_3MdRgrme,0
ID_3N2Nq5lL,0
ID_3NuZfwyC,1
ID_3P4kbSsx,0
ID_3PykDOR8,1
ID_3Q6f1ezs,1
ID_3QAKdS9p,0
ID_3Qft6cFH,0
ID_3QiKgmKv,1
ID_3QjKpZnL,0
ID_3RyucqAM,1
ID_3SRsIxkB,1
ID_3TOtrI3N,1
ID_3TeznF6K,1
ID_3Tgm6Clk,0
ID_3Tmojwdf,1
ID_3VkQ2g3a,0
ID_3WrILOqt,0
ID_3XaZ11Xh,1
ID_3YQFGlAr,1
ID_3YwLq0MI,0
ID_3YwiOAvg,1
ID_3ZgVyCkS,1
ID_3aV0ZaeG,1
ID_3bGpzPj7,0
ID_3bux6fGA,0
ID_3bzq050c,0
ID_3c9EGHhF,1
ID_3cOrRE9K,0
ID_3crdhG0T,1
ID_3d54pwRb,1
ID_3dQSxkoH,1
ID_3dZQAgzC,1
ID_3e2UvxMK,1
ID_3ekTK87V,1
ID_3f3Yl8Re,1
ID_3fFqWdHM,1
ID_3fQWJW3U,0
ID_3fhMrNLw,0
ID_3gX2fPw1,1
ID_3gfqJmR9,1
ID_3gkvte56,1
ID_3h4tQ9N4,1
ID_3j7D9LMp,1
ID_3jKDz6hX,0
ID_3kBs4gUl,1
ID_3kvkthUS,0
ID_3lT3eqle,0
ID_3lURctYE,0
ID_3lsjZVdt,0
ID_3m0AbGVF,1
ID_3nm9mxRQ,1
ID_3nqpIWYS,0
ID_3o53Nptk,1
ID_3oEltjWk,1
ID_3oKnKn0M,1
ID_3otPevvd,1
ID_3plIVR1r,0
ID_3q05BNXf,0
ID_3qm0uYTR,0
ID_3qrmu6mR,0
ID_3rC5z0dq,0
ID_3rcGZ2b7,0
ID_3sPMl77f,0
ID_3tSv1fkZ,1
ID_3u7DNFhT,1
ID_3v7V7FCg,1
ID_3vVplC9R,1
ID_3vmDFbFa,0
ID_3wPJJm9R,0
ID_3xc03yUC,1
ID_3yGKqiuh,1
ID_3yW4d3ak,0
ID_3yiQiYVC,0
ID_3zEtAP98,1
ID_3zpAI9x9,1
ID_40FuptMD,0
ID_40wDSddk,1
ID_410oE3lr,1
ID_41oTbqEO,1
ID_42h7SwHI,1
ID_43wAmSck,0
ID_45kZ8JJv,1
ID_46KvIqp6,0
ID_46hRpSEc,0
ID_46z7GCiU,0
ID_47dMW5hA,0
ID_48TVMoZS,1
ID_48XM5JdB,0
ID_48bvnJXG,0
ID_48dqGJHe,0
ID_48gePoV0,0
ID_499hPyLT,0
ID_49BcxMsY,0
ID_49EGynfG,1
ID_49g2PiW0,0
ID_4AAOW32J,1
ID_4B24DFrL,1
ID_4B6Pq1pU,1
ID_4CI29qIZ,0
ID_4EobXSQ3,1
ID_4GDT347o,0
ID_4GFx6A7W,0
ID_4HYNKqYE,0
ID_4IsmhYBE,1
ID_4JecqXAN,1
ID_4Jmnybh8,1
ID_4K5ZFkBF,1
ID_4KfNmF67,0
ID_4L5EHhgA,0
ID_4LJW7RBX,1
ID_4LhPRmjo,1
ID_4MvV6rZg,1
ID_4NlSPY6I,0
ID_4OFRrA0i,1
ID_4OfVkJAG,0
ID_4OlQT6M1,0
ID_4PN3lsh4,0
ID_4PpLJlJg,1
ID_4RAwfGXt,1
ID_4RDLkCGE,1
ID_4RDuxg4l,1
ID_4RskxRnA,1
ID_4RuIxonP,0
ID_4TakfMAL,1
ID_4TwD457y,0
ID_4UIcgV0H,1
ID_4UIqhPn2,0
ID_4UQqVJGM,0
ID_4V7hYJbn,1
ID_4V842eN0,0
ID_4XI0b4Qe,0
ID_4XKL5lG9,1
ID_4aEBZlrF,1
ID_4agcIQVi,1
ID_4bO6VlTU,0
ID_4bm0fmvM,0
ID_4bpd8u96,0
ID_4byg8YcR,0
ID_4cFWfOtA,1
ID_4cOjZrNM,0
ID_4cuJrswg,1
ID_4dRdxhC3,0
ID_4el5RV00,1
ID_4eoRbrMr,1
ID_4f0eoUOe,0
ID_4fT1tTTQ,0
ID_4foQALqW,1
ID_4fq1LIdL,0
ID_4gJaw7AP,1
ID_4gqMZRDU,0
ID_4h6gsH1l,0
ID_4hAZpYqB,1
ID_4honQs5E,0
ID_4j1PxtqD,0
ID_4jA8Fpkw,0
ID_4jpwybfK,0
ID_4kMFWGjz,1
ID_4lqUKtNK,1
ID_4lzClIyY,1
ID_4mE60kK3,1
ID_4mzBWfU3,1
ID_4nvqbHoN,0
ID_4o1AfzDc,1
ID_4q1lMyu2,0
ID_4qrcEPyl,0
ID_4qrrWlA9,1
ID_4rbD0lnK,0
ID_4rniuXUA,0
ID_4s1smnVp,0
ID_4tEoH28S,1
ID_4tnny6bM,0
ID_4tpBmt0s,1
ID_4uYL8lFW,1
ID_4uljUFJl,1
ID_4v9hopzj,1
ID_4whrAQYr,0
ID_4x6suAOd,0
ID_4y6DOxAt,0
ID_4zVoJQKh,0
ID_501DhQY0,1
ID_5051mwqH,0
ID_5058qQob,0
ID_50vJFj5T,1
ID_514HarbR,1
ID_52L1TmFk,1
ID_52pcYNUE,1
ID_53NRedus,0
ID_53cpTwkd,1
ID_54WJBcPI,1
ID_54e5lyx9,1
ID_54o67NpL,1
ID_55f9XMTW,1
ID_569BKIMU,1
ID_56jDOm3g,0
ID_571313NC,1
ID_57875cNO,1
ID_57hbJLBu,0
ID_57uqP4EN,1
ID_58yXzb4o,1
ID_59lcD9Zr,1
ID_5AKuqtM9,0
ID_5ALbgD7Y,1
ID_5AS4AbgL,1
ID_5ATrgTgc,0
ID_5AwUo7vW,0
ID_5BL7ZpgX,1
ID_5BOZEHeU,1
ID_5BibfbBe,1
ID_5BlypNyI,0
ID_5C1hKnCT,0
ID_5CBSM5Eq,0
ID_5CI3aYYO,0
ID_5COuNaEQ,1
ID_5Ctcmi8i,1
ID_5DtTgsJ4,1
ID_5EaDOq0m,0
ID_5FrYA6kl,0
ID_5GNVy9RI,0
ID_5GWW2bto,0
ID_5GodowQJ,1
ID_5IKpYLuU,0
ID_5ISYC3Zo,0
ID_5JujLnZU,1
ID_5LUQDs4a,1
ID_5LklmGJ1,0
ID_5M560f1J,0
ID_5MEbawOR,1
ID_5NZLDfZa,1
ID_5O1D3Dwd,0
ID_5O7x2ppd,1
ID_5PKymN17,1
ID_5Ptb5NZc,1
ID_5Q4rBWM5,0
ID_5QWHeplK,1
ID_5SW3CZbB,1
ID_5UYm3YPd,1
ID_5UpPqWCm,1
ID_5VJnosLd,1
ID_5VnvzC5w,1
ID_5Vwk67Dc,0
ID_5Wu3oFu4,0
ID_5WwFm6gP,1
ID_5YFxiZEU,1
ID_5YMk1t1l,1
ID_5YoI5a24,1
ID_5Z5jKF1W,0
ID_5aVdJeo2,0
ID_5ac6MfFG,1
ID_5bRED0pp,0
ID_5bjZghsZ,0
ID_5c4fRr4I,1
ID_5cgQXCVd,1
ID_5chguFqx,0
ID_5cvbk9Nv,1
ID_5dH1L32W,0
ID_5e2DbkVE,1
ID_5eNcwKzy,0
ID_5fL9zeLl,1
ID_5fsNRz3f,1
ID_5gbbH9Xm,1
ID_5gz4loKr,1
ID_5h7ZyIou,0
ID_5iykLTzv,1
ID_5jGvHWxB,0
ID_5jYtXBTh,0
ID_5k7qEoy2,1
ID_5kv61man,1
ID_5lb0QdQO,1
ID_5mAWDQ6w,0
ID_5njpzqNa,1
ID_5oJKTgCk,0
ID_5oU8hask,1
ID_5pMlBhBm,1
ID_5pf2yU6f,1
ID_5ruX3HDB,0
ID_5tHz6Yx6,1
ID_5tTBuZxL,1
ID_5thgUrLp,0
ID_5tjCTp50,1
ID_5uZ8EQhl,0
ID_5w8eMDXx,0
ID_5wTqf3bL,0
ID_5wj1fSX7,0
ID_5woELhn7,1
ID_5wvK4ska,1
ID_5xLZnvZ3,1
ID_5yMzWFyF,1
ID_5yk9dtnU,1
ID_5zV6aifD,1
ID_60QDpYar,1
ID_61i6eg54,1
ID_61lHBrxw,0
ID_61rBrJfw,1
ID_62E4Kjwt,1
ID_62IjPdz4,1
ID_630P7z5m,0
ID_634rLGMp,1
ID_63Mbyq6b,0
ID_63XzMGfc,0
ID_64IyMgyo,1
ID_64KGO86O,0
ID_64MYy1w1,1
ID_64w9SP9w,1
ID_659DUN1o,0
ID_65HuXgIG,1
ID_65k2pi3k,1
ID_65mo9uvn,1
ID_67Wbrdlz,1
ID_67iejk0c,1
ID_67wMx1pX,0
ID_68PfowrT,1
ID_6990VYzr,0
ID_69HmwsIw,1
ID_6Aw0eLaw,0
ID_6BwGANpF,1
ID_6CR5JVnD,1
ID_6Crt1qxt,0
ID_6Cwu7ofZ,1
ID_6DtWaKCv,0
ID_6Du6nB87,1
ID_6E88JMBm,0
ID_6F7HaPSw,0
ID_6FbJbrRS,1
ID_6FdTtgf0,0
ID_6GM8eX3e,1
ID_6HKYlKFe,1
ID_6HKzavlw,0
ID_6HX6Ob3c,0
ID_6Hu4mCBx,0
ID_6IJmrZ0M,0
ID_6J7tWXc9,0
ID_6JicpG0Q,0
ID_6Js54q9L,0
ID_6LDOaxgc,1
ID_6MKkDR0r,0
ID_6ML4z4mw,0
ID_6MOikp7o,0
ID_6N2CE9n1,0
ID_6OBm0Czo,1
ID_6OeVjLV0,0
ID_6QkLlk6L,1
ID_6RmFylVi,0
ID_6Rx3D61T,1
ID_6S04j4xj,1
ID_6StcR7gg,1
ID_6U2duQIS,0
ID_6UBx6m2J,1
ID_6UbOBGK9,0
ID_6Ud9j0z6,0
ID_6Vga87YV,1
ID_6VyOsi3n,0
ID_6XhLqp9v,0
ID_6XuR6Aem,1
ID_6aDD6KuO,1
ID_6c9Bg2Ye,0
ID_6dC8cYKn,1
ID_6eOZzXqk,0
ID_6eqW2H5u,0
ID_6ghgdjYQ,1
ID_6iFx2Rmh,0
ID_6iL2TF0F,1
ID_6iQ1qzIQ,0
ID_6kA6P1eT,1
ID_6kX3Qtt3,0
ID_6l7zKISt,1
ID_6mk9dwCk,0
ID_6ndjCN4w,1
ID_6p0cAZtT,0
ID_6pK0oOtA,1
ID_6poFuoLS,0
ID_6q2ijasw,1
ID_6qf1OXOy,0
ID_6qfrmZy2,1
ID_6qkfpGHR,1
ID_6qwArkKX,1
ID_6qyWk9CQ,0
ID_6tbZeA7w,0
ID_6uUyZQcb,1
ID_6v5h0nBY,0
ID_6vbf9HFF,1
ID_6yAY6AnX,0
ID_6yHJMpMN,1
ID_6yV1cgtf,1
ID_6z4eDK48,1
ID_6zYemkmm,0
ID_6zdMM6CJ,0
ID_70mWsV5H,0
ID_71EJazXP,1
ID_71GkM6z7,0
ID_71on0DVB,0
ID_71rR513o,0
ID_73XqUXyi,1
ID_75HsjjCm,0
ID_75vbHqur,0
ID_760XPK81,1
ID_76Hr1LAY,0
ID_76OEOd3w,1
ID_77EaUagT,1
ID_77fxtbFd,1
ID_78XfKsn4,1
ID_78eEJRq6,1
ID_7A7iaVQb,1
ID_7Aa8qv7n,0
ID_7Bdk3gzO,1
ID_7CO1a88M,1
ID_7D1plHsM,1
ID_7DSCm7Kc,0
ID_7DdlvOcu,1
ID_7DwvAIrK,1
ID_7EheM5qM,1
ID_7FwVvWLp,0
ID_7GdEE9Y2,0
ID_7HIkrDoX,0
ID_7IKsaAdh,0
ID_7INDeIyh,1
ID_7JSrupNs,0
ID_7Jk9V68M,1
ID_7KMkYqj2,1
ID_7KVFTNN2,0
ID_7LFwgTMa,0
ID_7LW291Fz,1
ID_7NOeunel,1
ID_7OCfL3Fm,0
ID_7PAtILLx,1
ID_7PQOYUsK,0
ID_7Q7MSvVa,1
ID_7Qi02nEb,1
ID_7S3hVpWn,1
ID_7S9ApVI1,1
ID_7SI6Jxyo,0
ID_7SV743J5,1
ID_7SjDqgR2,1
ID_7U2kd3Me,1
ID_7U79lfmX,0
ID_7UZhABYj,1
ID_7V4mJmY6,1
ID_7VMGLdzo,1
ID_7VlA8kWP,1
ID_7W8S3nZ8,1
ID_7WXlMhRe,0
ID_7WzASb8q,0
ID_7XkvWJPd,0
ID_7XzDDL11,1
ID_7YmQhrhX,1
ID_7ZyzVN87,0
ID_7c9Drhf1,1
ID_7dxz61Wv,0
ID_7gBI9E7V,1
ID_7gHBQHov,1
ID_7gJoa11O,0
ID_7h7lurjc,0
ID_7hgfk6Jw,1
ID_7huGv2cg,1
ID_7i94vfjK,1
ID_7jdRdkzi,1
ID_7kXt8paW,1
ID_7lVUo7B4,0
ID_7mOz3j3f,0
ID_7mTrdQQe,1
ID_7mVwWSym,1
ID_7mipdFfe,1
ID_7nYFh4cW,1
ID_7noGC3vi,0
ID_7nxfftBO,0
ID_7pA2fnyK,1
ID_7pRycSGr,0
ID_7ppoJuE0,1
ID_7r5PCrvF,1
ID_7sYatgw2,0
ID_7tGzG18T,1
ID_7tl5E4Ep,0
ID_7u9TT7xk,0
ID_7vmLAa3z,0
ID_7wtVNRy7,1
ID_7xVNyO0j,1
ID_7yuQn6wg,0
ID_7zMlEJzW,0
ID_7zWlIJl0,0
ID_80R7icnG,1
ID_80Xe0DnO,1
ID_81j3PqJN,0
ID_821pIFPp,0
ID_82Ghucfz,1
ID_82H0tFXa,1
ID_82KxAykz,1
ID_83ee9BIx,0
ID_8483oLhI,0
ID_84Brqem3,0
ID_84GZG8Up,1
ID_84Sygh0k,1
ID_84YbzlRj,1
ID_854J3DnD,1
ID_85ARj7bI,1
ID_85NOKuux,1
ID_85p9fJZr,0
ID_86wZg8PJ,1
ID_87NbTjll,1
ID_87ocSkUv,1
ID_888EZatH,0
ID_8895ovhP,0
ID_889C4Pia,1
ID_896OeEKF,1
ID_89BvXUDj,1
ID_8A6gcVJj,1
ID_8BGRIjgE,0
ID_8Bro4LXS,1
ID_8CS1RS8b,1
ID_8EBqd4yz,1
ID_8EpwGPg7,1
ID_8EqktQFr,0
ID_8HDN0eoa,1
ID_8HKksFLc,1
ID_8I4GkfFy,1
ID_8Ir2o8dF,1
ID_8KMfun4X,1
ID_8KNxy2um,1
ID_8KZreC2r,0
ID_8KbjO9Qe,1
ID_8LRxCPe9,0
ID_8LXXrcyf,1
ID_8LkuXIiY,0
ID_8M1mF7zY,0
ID_8MZqhmFK,0
ID_8NFn83N5,1
ID_8NRQmTu7,1
ID_8NlYtXrj,1
ID_8OEhPUal,0
ID_8OkHcDaE,1
ID_8OxeFPvd,1
ID_8PPiWgCj,0
ID_8PYDDJUz,0
ID_8Q7ib0ZZ,1
ID_8QD2cRwl,1
ID_8QfYH4Za,0
ID_8RXF5hKe,0
ID_8RmQZhCL,1
ID_8RrajBhn,1
ID_8SL75HKi,1
ID_8Tbk525S,0
ID_8UEVDC1s,1
ID_8UQMRrMv,1
ID_8UvnP4ee,1
ID_8XGEJl3x,1
ID_8Y4mr1df,0
ID_8YjRnCMf,1
ID_8Z7HCWq2,0
ID_8bM5mATa,1
ID_8bQUmDIa,0
ID_8c2CChKA,1
ID_8cCNe9f6,0
ID_8cRLsrNT,1
ID_8cdJPRmE,0
ID_8dCxln2a,1
ID_8el2XAgC,1
ID_8eozDtmq,0
ID_8f2hkTZP,1
ID_8f7yvUWl,1
ID_8gASSobz,1
ID_8h713mzb,1
ID_8hOVzRgE,0
ID_8hYbmDR2,1
ID_8hgi9b9w,1
ID_8i5oA7nB,1
ID_8iF2bDhf,0
ID_8j6qjx6q,0
ID_8jQOt0CY,0
ID_8kDpDjQW,0
ID_8kFYBzR8,1
ID_8kkr6dWL,1
ID_8lC2NHDz,1
ID_8lv3EyMI,0
ID_8mY5hNgN,1
ID_8maGcnTn,1
ID_8nTGV7u0,1
ID_8niJ5uPF,1
ID_8nrTNJit,0
ID_8o1XRSYO,1
ID_8oTTV6bU,0
ID_8oaAnJYe,0
ID_8og90HTM,1
ID_8ow6QtPb,1
ID_8owEdmmI,0
ID_8p5HT9s7,1
ID_8qbDGrb8,0
ID_8rS4SNP4,1
ID_8rTpKyYb,1
ID_8rYbP2A7,1
ID_8rcG1WYI,1
ID_8rjdEpEA,1
ID_8s1eArE3,1
ID_8s941yWR,0
ID_8secqkk3,1
ID_8taLhmys,0
ID_8uXdOgxE,0
ID_8v36hilc,1
ID_8vUFUOUh,1
ID_8vf0HVAd,0
ID_8xuW41Gr,1
ID_8yW7w3fo,1
ID_8ykUtSYs,1
ID_8zo3KMwM,0
ID_8zu2042d,0
ID_90BAcsjc,0
ID_90KGxUqZ,1
ID_90TLN1ku,1
ID_90n5arQh,1
ID_910hy5G4,1
ID_92h8nl0X,0
ID_9338NRLk,0
ID_93EsrYZh,0
ID_93OL6377,1
ID_93bNEajv,0
ID_94VKo6Qc,0
ID_94roDC5M,1
ID_95ovlLi1,1
ID_96v2sK4O,0
ID_98JZ7g95,0
ID_98sWIy4M,0
ID_991TGDWO,1
ID_99HeWuQQ,1
ID_99dadh9N,0
ID_99nNfrre,0
ID_9ABstM7w,0
ID_9AHQEIFZ,1
ID_9Bh1rWoY,0
ID_9CuGf9Hg,1
ID_9DC7FIjp,1
ID_9DU2IMDA,1
ID_9EPnBjev,1
ID_9FgpJHmC,0
ID_9FhVR6Du,0
ID_9FibrvFr,1
ID_9FxHrEJJ,0
ID_9Gl2ubbl,0
ID_9Gp2iP3n,1
ID_9HaLMV94,0
ID_9IUuAa44,1
ID_9IwYRSIq,0
ID_9J7VQImt,1
ID_9JApVJHX,0
ID_9JRss2MH,1
ID_9JXfZ8O0,1
ID_9LLs1RVc,1
ID_9LQumxEM,1
ID_9LrKN0ej,0
ID_9Lro8Pr9,0
ID_9M170KFl,1
ID_9MD8OrTF,1
ID_9MZrlPFq,0
ID_9N26y5ju,1
ID_9OEaIcnJ,1
ID_9OzBLZqm,1
ID_9P8Tv60W,0
ID_9Q9MSpuf,1
ID_9Q9PMvNQ,0
ID_9QEn9Lbw,1
ID_9RHoeqvd,0
ID_9RjwBTLF,1
ID_9RtMGHJj,1
ID_9SqrjRjM,1
ID_9TUhMgas,1
ID_9UGh5Zxl,1
ID_9VTZ9zI7,0
ID_9WG9kDQH,0
ID_9YSeh3bD,0
ID_9YnzBuvq,0
ID_9Z4CwZiH,1
ID_9ZQ9cFh6,1
ID_9aBtu4fG,1
ID_9aYo1p20,0
ID_9bonKcl5,0
ID_9bt6dd0S,0
ID_9czfftsU,1
ID_9dMdgG42,1
ID_9eUPr94m,1
ID_9f74pQM3,0
ID_9fayHXY0,0
ID_9fhvwDaE,1
ID_9gD2XE3H,0
ID_9hf2aqV5,1
ID_9i6ibFSL,0
ID_9iT2f7S6,1
ID_9iisfAEg,1
ID_9l4Ofng4,1
ID_9lisEJQG,1
ID_9nHYcN5q,0
ID_9octCFPL,1
ID_9pgEtRAZ,0
ID_9rMfpUIP,1
ID_9s2HiATe,0
ID_9s4AW0r9,1
ID_9sAFtjZj,1
ID_9tueTC4m,0
ID_9vCpRwwa,1
ID_9wPGjQ3h,1
ID_9wWt5aR2,0
ID_9xkOGF5R,0
ID_9y6x8qrI,0
ID_9yRR8q0l,1
ID_9ysqTbrL,1
ID_A0UJCohW,0
ID_A0iKorU9,1
ID_A0jL8RD5,1
ID_A1adOqkI,1
ID_A1hnFv90,1
ID_A22nvUHi,0
ID_A2ZhfCkm,0
ID_A2rrVdkN,0
ID_A3LCIwvX,0
ID_A496YfZV,1
ID_A4IeVgDu,1
ID_A4JcBiEE,0
ID_A4U32Kt2,1
ID_A4jiLwOw,0
ID_A51NCI5k,1
ID_A5BoEHKg,1
ID_A6HdgEVa,1
ID_A6YrscgN,1
ID_A723YwYv,0
ID_A7StItEH,1
ID_A7saO0Ag,0
ID_A8stLQux,1
ID_AA7jW5I0,0
ID_AAWPw1fL,0
ID_ABR6whBD,1
ID_ABUmZedb,1
ID_ABadr6rL,1
ID_ACsfceB1,1
ID_AFblAApf,1
ID_AHmPXVO2,0
ID_AIcbyyJv,0
ID_AIj2RPUW,0
ID_AInfmMll,1
ID_AIwxqCer,0
ID_AJ2Uw8sL,0
ID_AKd1tFuv,0
ID_AL2kfA9x,1
ID_ALa36iSp,0
ID_ALlDCPXp,0
ID_AM9N7xw5,1
ID_AO5fHWCa,1
ID_APefRkV0,0
ID_APfVn2Gs,1
ID_APgaACTa,0
ID_AQ5QA0jF,0
ID_AR1WsENA,1
ID_ASOojzoC,0
ID_ASP7sKqd,0
ID_ASo5nHje,1
ID_ATB0hftE,1
ID_ATpuOM6Y,1
ID_AU43pvhw,1
ID_AUelUEHS,1
ID_AVBg6L98,0
ID_AVCBZVoC,0
ID_AVWQ16tO,0
ID_AVYOvR62,0
ID_AWxPKMRj,0
ID_Aa9c28Ii,1
ID_Aa9nDnOt,1
ID_AbAEcBak,0
ID_AbJHSv7I,0
ID_AbSmLUhR,0
ID_AbumUhVf,0
ID_AdcnYr6O,1
ID_AdtrvB2J,1
ID_AeOKsdyi,1
ID_AelfWemQ,1
ID_AfH5BPF6,1
ID_AfmogkU0,0
ID_Ag0Defmq,1
ID_AgMeAqBx,1
ID_AgcN5Abu,1
ID_AgtbXuwL,0
ID_AhSKNLqS,1
ID_AhueLE9Y,1
ID_AkjMo8Nn,1
ID_Al4Ux3Nv,0
ID_AlgyRlDT,1
ID_Am9s2IzJ,1
ID_AmHMVjo1,0
ID_Ambsh2Sm,1
ID_AnFFm2JV,1
ID_AnRtV6Cp,0
ID_Anm65TLK,1
ID_Ap9QJld3,0
ID_Aq0Lfukw,1
ID_ArGvpOd4,0
ID_ArafVXu6,1
ID_Arox5Jfh,0
ID_AsTLO9EY,0
ID_AsuLFAHH,1
ID_AsvIOMlT,1
ID_AuTToVM6,0
ID_AuXITnqc,0
ID_AwhLCNHw,1
ID_AxC3MU1k,0
ID_AycNJwiX,0
ID_AyeRNYvN,1
ID_Ayrkr8Nm,0
ID_AznDLS9W,1
ID_B0CV5IIC,1
ID_B0aFwVcm,1
ID_B1aiXK6K,0
ID_B1mL92nA,0
ID_B26u4cY0,1
ID_B2DY8Ckk,0
ID_B2dtmhRZ,1
ID_B2sfVvIk,0
ID_B37zTRFJ,0
ID_B3JI45Fo,1
ID_B3gkx4aY,0
ID_B4JQYPUu,1
ID_B4YAmgeI,0
ID_B4ivCSBu,1
ID_B4qvB0Id,0
ID_B5YNNX3Y,0
ID_B5Ypp9Gg,1
ID_B5uK2tpf,1
ID_B7pLISBj,0
ID_B8GKCSXW,1
ID_B90KjXRS,0
ID_B9ic3suP,1
ID_BAEQBtao,1
ID_BAzUeZkt,0
ID_BBFJzH19,0
ID_BBsGxDCc,0
ID_BCntNwFf,0
ID_BDuDacV0,0
ID_BE3LtBnT,1
ID_BEdqBKMg,1
ID_BEfnD9eM,0
ID_BEgkSQAx,1
ID_BG12kbSc,0
ID_BGYQOLm6,0
ID_BGbhtQ1Q,1
ID_BH9DsFSO,0
ID_BHAubtdo,1
ID_BHQ7aG9n,0
ID_BHnx6WYE,0
ID_BITbp7Xi,1
ID_BJfdCnXy,1
ID_BJlIfRNf,1
ID_BKxud1Cs,1
ID_BMlk4i29,0
ID_BO8ToVF5,0
ID_BPJeA1sB,0
ID_BPzOs6BU,1
ID_BQEkHGCP,1
ID_BQFS9YFq,0
ID_BQRUep3f,0
ID_BQzvUFin,0
ID_BRoz68Se,0
ID_BSO6PUAU,1
ID_BScAUMkd,0
ID_BTHhVRUf,0
ID_BTTywLvp,1
ID_BTVb3DN4,1
ID_BTm5eku6,1
ID_BUEjd2id,1
ID_BVPB6aAh,1
ID_BVeWlJv6,1
ID_BWC8Nfn7,1
ID_BWVJTUn9,1
ID_BWVqXGPI,1
ID_BXHNJaPg,0
ID_BXZJZgbZ,0
ID_BXiz6Ohg,0
ID_BZu3rIVm,0
ID_BaOfhTjo,0
ID_BbOOA27D,0
ID_BbZjMYZO,1
ID_BbygMzGd,0
ID_BcEOBuWs,1
ID_Bd2N8Aw9,0
ID_BdCZcNS5,1
ID_Bdijb624,1
ID_Bf2gYGTT,1
ID_Bg4tvjmR,1
ID_BgBYjuao,0
ID_BgX2YqSz,1
ID_BhI1mCCK,0
ID_BhN7wBBJ,0
ID_BhnkxlDN,1
ID_BhwqaIOD,0
ID_BiGWpcTN,0
ID_BiaX0fTd,0
ID_BisimtSK,1
ID_Bj8lRtqK,1
ID_Blq8Ws9U,0
ID_BlsE7Ue9,1
ID_Bm3rFZvD,1
ID_Bni7jBmG,0
ID_BoA27Acg,1
ID_BoXvKTLO,0
ID_BosTcRXl,0
ID_BowCZK91,0
ID_Bp1hkmZ0,0
ID_Bqc2dIVM,0
ID_BqtvkbWn,0
ID_BrRyDLyv,1
ID_BtQlqxwd,1
ID_BuqbzmZg,0
ID_BvUozmTx,1
ID_BvoTaS7P,1
ID_Bw6NPC94,0
ID_BwSsML8q,1
ID_BwiFdiXQ,0
ID_BwvoPLlW,1
ID_BxPCfFRE,1
ID_Bxw4c8yg,1
ID_BzX7UzJD,0
ID_BzgEMFu9,1
ID_C0iMa2J8,0
ID_C0reFH2F,0
ID_C1VAatLV,1
ID_C1h3WQou,1
ID_C2AWXK9m,0
ID_C2EHKw6v,0
ID_C2I6qtEa,0
ID_C2YZWQVd,1
ID_C2fd3sXn,1
ID_C3Kw5RQ0,1
ID_C5FZ946f,1
ID_C5HVnZZl,0
ID_C5Wv54Gx,1
ID_C5z2npFD,0
ID_C6U77mtP,0
ID_C6xOuofz,0
ID_C7SwBPQ2,0
ID_C7UrAVvR,1
ID_C8A2vcNg,1
ID_C9DIm5IE,0
ID_C9Icxv2E,0
ID_C9sORQQ8,1
ID_CAbGHlbT,1
ID_CAenppE5,1
ID_CAmRBObQ,1
ID_CCE7o3qj,1
ID_CCgf0WTe,1
ID_CETy63dZ,1
ID_CF8rWzpK,0
ID_CFk9bXWG,1
ID_CGVtmWHi,1
ID_CGW8juLc,1
ID_CGuqfOAr,1
ID_CH11ToIt,1
ID_CHgipa0e,0
ID_CHi4xDSa,0
ID_CI3uq8op,1
ID_CIZFY25o,0
ID_CJ7X4pWp,0
ID_CJKDj2y1,1
ID_CKSctcwD,0
ID_CKtl5Tgj,1
ID_CKuRnAEQ,1
ID_CLoOviDx,1
ID_CNEtYekC,1
ID_CNOoikaz,1
ID_CNSSO8OX,1
ID_CNb9WOCB,1
ID_CNekc3wP,1
ID_COAxkGZq,0
ID_COf75xP8,0
ID_CPqTnr0E,1
ID_CQ2un0Kd,1
ID_CQP8qjBm,1
ID_CQTcfyd0,1
ID_CQffXJmU,0
ID_CQjXeyoQ,0
ID_CRwe1IyP,0
ID_CSfNAP9p,0
ID_CTMBRuXB,1
ID_CTdJMIlD,1
ID_CUP4LNWi,0
ID_CUuHOeYp,0
ID_CVwpWmMa,1
ID_CXINlKZs,1
ID_CY3oJsIe,0
ID_CYMR0Ogz,1
ID_CaQyERpl,0
ID_CalkN2HC,0
ID_CaprJamh,1
ID_CbQIzFSc,0
ID_Cbni7BCN,1
ID_Ccd3NUgd,1
ID_Cd9qIrsv,1
ID_CdQrE8af,0
ID_CdebPe6y,1
ID_CdrplI5I,1
ID_Cfjz6hp6,1
ID_CgjuhxHu,1
ID_CglA4KLL,1
ID_ChRTrcwY,1
ID_ChnaelYN,1
ID_ChyT028f,1
ID_Ci7AGBUR,1
ID_CiJvBCjm,1
ID_CiO0aIjO,0
ID_Cijqi3Px,1
ID_CjRWFTYb,1
ID_Cjnt5by5,0
ID_Ck1biTex,0
ID_Cl3xM3tY,1
ID_ClMg9Dbi,1
ID_Cn3eS81l,1
ID_Cn94kEif,0
ID_CoTtwYfk,0
ID_CofRiChc,1
ID_Cosdzy68,1
ID_CpXafRNL,1
ID_Cq3u5xb0,1
ID_Cqs5sB98,0
ID_CrXD27Kl,1
ID_CsMXk73H,1
ID_CstJGRgS,1
ID_CszkRmzz,1
ID_CtZZ3toV,1
ID_CtgBleZP,0
ID_CtizEfFl,1
ID_CtsuzZzy,0
ID_Cvj3PMhK,0
ID_CxC35Jou,0
ID_CxE9UKpe,0
ID_Cy55HOoo,0
ID_CydJ1FrO,0
ID_CzTyqKeZ,1
ID_CzaEPcNc,1
ID_D1HPt378,1
ID_D2HzObRS,0
ID_D2JoM0X3,1
ID_D2w0iHnN,0
ID_D36V69l5,1
ID_D3C2cjdV,1
ID_D3pArViI,1
ID_D46H7O4F,1
ID_D4tTURbj,1
ID_D5wGXFKt,0
ID_D6AbH9vC,0
ID_D6JtWgI2,1
ID_D6frl6MV,1
ID_D8DTlOxS,0
ID_D8rYWGXA,1
ID_D90IlAbD,0
ID_D9PnzZnO,1
ID_D9ZNza1k,0
ID_D9zkLtXf,0
ID_DAgOLKL0,0
ID_DAiPVjRM,1
ID_DAua2axR,1
ID_DBsqx0rx,0
ID_DBu6yZ6f,0
ID_DC5huWD9,1
ID_DCM5BodM,0
ID_DDaabg72,0
ID_DEKQI7HZ,1
ID_DEVPHGj7,1
ID_DEgNnlZn,0
ID_DGCjW67W,1
ID_DGeXLlcq,1
ID_DHMPs8xX,1
ID_DHVnTYRz,1
ID_DIBZgmkH,1
ID_DIyspG4x,1
ID_DJgqoF09,0
ID_DJzY4iF5,0
ID_DLurL0uo,1
ID_DMBUfIFT,1
ID_DMQFrMHp,1
ID_DMUCFbaF,1
ID_DNLLdqy3,0
ID_DO66yoeq,1
ID_DORzWAOF,0
ID_DOlhIrvz,1
ID_DOsppxIo,1
ID_DP0gHeeL,0
ID_DPFW9J9t,0
ID_DQ839GBI,0
ID_DQNVtSdC,1
ID_DRGcspXL,1
ID_DRIsI4vR,1
ID_DRZs5WmR,1
ID_DSP5m9Eh,0
ID_DSgscX1c,0
ID_DShZn6aG,1
ID_DSr6huoM,0
ID_DTeL9TZk,0
ID_DUlLOWm3,1
ID_DUpKP1OT,1
ID_DUznP8rZ,1
ID_DVEX0iR1,0
ID_DVb1bqCN,0
ID_DVzuxAJc,1
ID_DWYMVr2O,0
ID_DWf4ryuI,1
ID_DWvUFoPF,0
ID_DX4BsgdN,1
ID_DX8un2sD,0
ID_DXRVca4l,1
ID_DXl5AKEQ,0
ID_DXtLU2Sa,1
ID_DYWnErnP,1
ID_DYilrNHp,1
ID_DYzRFb0H,0
ID_DZ1gP1uw,1
ID_DaGF6dGU,0
ID_DaMhDfm0,0
ID_DafHV7MK,1
ID_DbMrp9Dw,1
ID_DbYt8Si7,0
ID_DbkULOAK,1
ID_DbwVeWfl,1
ID_DbzFZxoq,0
ID_DcaZ4Vfy,1
ID_DdiHOPbU,0
ID_Ddy0wWfu,0
ID_Df6UQUSw,1
ID_DflbYGUX,1
ID_DgSl5OMo,1
ID_DgnBp6Ir,1
ID_DhCpjAdO,1
ID_DhSLO5AK,1
ID_DiFopEIR,1
ID_DigANFS3,1
ID_DjF1isSR,0
ID_Djj9eaA4,0
ID_Dk8PyBoX,1
ID_DkJANU2Z,1
ID_DlQyZKuE,1
ID_DlidaYxM,1
ID_Dm7TUCgK,1
ID_DmSSkl6l,1
ID_Dmcp23S5,1
ID_DmdZsCW7,1
ID_DmfnwB10,0
ID_DmxVGlSc,0
ID_Dn9TQnOX,1
ID_Douh7qOp,1
ID_Doz6iQxT,0
ID_DpH5LTbJ,1
ID_DqxR5qae,0
ID_Dta1huEW,1
ID_Dtc8cUNP,0
ID_DtuiCqub,1
ID_DuE9voqV,1
ID_DuHt0xEZ,1
ID_Dub02uBI,0
ID_DvY7fqHi,1
ID_DvcGNIEM,1
ID_DvnsXu73,1
ID_DwOKZqdi,0
ID_Dwth1857,0
ID_DxBqGaHu,1
ID_Dxuh4mjq,1
ID_DyQ7uhJ1,0
ID_Dzngn6ic,0
ID_E17eQI9o,0
ID_E1Qq45sX,0
ID_E1at67zI,1
ID_E1jWJRcv,0
ID_E2CBkpUl,1
ID_E2F6iBTc,0
ID_E3hgPCVd,0
ID_E49Fe3I4,0
ID_E4TwJM0q,0
ID_E4YMG4z2,0
ID_E54euzIJ,1
ID_E5YYqwL7,0
ID_E66t1U0f,1
ID_E6HitooW,1
ID_E6PsXhYZ,0
ID_E86eVuIb,0
ID_E881dsd7,0
ID_E8UAWR5O,1
ID_E8byFPOC,1
ID_EA9IHw0Z,1
ID_EAuFMHR3,1
ID_EBFRy0TU,0
ID_EBjPZLlM,0
ID_ECCi9wfD,1
ID_EEHU9xyJ,1
ID_EEtcoSTL,1
ID_EExXBkqf,1
ID_EF4LXGLC,0
ID_EF95piYy,1
ID_EFO5mUz2,0
ID_EG1nBF6w,0
ID_EGE7HHAU,0
ID_EGzQQ6Vw,0
ID_EIp0okCq,1
ID_EJNSJffe,1
ID_EJkkclya,1
ID_EKDfvUqN,0
ID_EKGo90PW,0
ID_EKh23a2V,1
ID_EKohgWI4,1
ID_EL6h7lb4,0
ID_ELB0ODNG,0
ID_ELwOEXVu,1
ID_ELwb6ETm,0
ID_ELxZ8o3r,0
ID_EMvpPiNn,1
ID_ENBxoszQ,1
ID_ENaBYGi7,1
ID_ENuXRbEH,1
ID_EOP4Yxdk,1
ID_EPLzyzQ5,0
ID_EPRwkBsy,0
ID_EPXUfo1p,1
ID_EPoJS1r9,1
ID_EPvL8mlo,1
ID_EQcH2Uv9,1
ID_ES5CWRad,1
ID_ESotU4su,1
ID_ESytFjkV,1
ID_ETCTtxWO,1
ID_ETWfGi9I,0
ID_ETcMDwnR,0
ID_ETgNq7BH,1
ID_ETpOmn4u,1
ID_EUSot4DR,1
ID_EVBpdLTu,1
ID_EVcQD56y,0
ID_EVlecBTj,1
ID_EWS9IDar,1
ID_EWkd116I,0
ID_EY6SVbrN,1
ID_EZ2ANJZN,1
ID_EZngK5AV,0
ID_Ealdxkv0,1
ID_EamzudLG,0
ID_Eb2rvmAK,1
ID_EbUs6V7y,1
ID_Ec45GVqM,0
ID_EcTHfEzY,1
ID_Ecge6Nm0,1
ID_EcjWCOht,0
ID_EeJPMb8H,0
ID_EfpwB1Om,0
ID_EgZXBVTP,0
ID_EgaaDYVl,1
ID_Eh6ZfCxe,1
ID_EiJLMhzP,1
ID_EihsMHTX,0
ID_EjhzRWJ2,0
ID_Ejx0nRtb,0
ID_Ek6rDCA9,1
ID_ElQdI7R0,1
ID_ElvnoUnN,1
ID_Em7Hhz5h,0
ID_EniiJO3D,1
ID_EnmUIXpR,0
ID_EocdPki0,1
ID_EpBq4CTo,1
ID_EpVKF300,1
ID_EppsZFnQ,1
ID_Eq8q9kZb,1
ID_EqbErBUV,0
ID_Er3WEnO9,0
ID_ErgOZ9hT,0
ID_ErqDRj4V,1
ID_EsRtL6hl,1
ID_Et19vkQe,1
ID_Et9Q0s67,1
ID_EtlcVyNt,1
ID_EuDHzaHr,0
ID_EuMGyvvf,1
ID_Evdh6Uj3,1
ID_EvuowZco,0
ID_EwZd9U81,1
ID_Ex5kloP4,1
ID_ExTXKaGb,1
ID_EyYyZrTb,1
ID_EykQwILp,1
ID_F0TH6AsB,1
ID_F0WhjKXj,1
ID_F1rFZMmN,1
ID_F2FJUSkP,1
ID_F3Dgt7xJ,1
ID_F3YDdD4f,0
ID_F44HIfkA,0
ID_F4LdrPTn,0
ID_F5B2sv58,1
ID_F5GFkva0,1
ID_F5H3qR6e,1
ID_F5xJCpaH,1
ID_F6Gwbkkc,1
ID_F7ePLoE2,1
ID_F80cVV2Z,1
ID_F8KX5TS9,1
ID_FA5j8HVO,1
ID_FAv2GrDi,1
ID_FBfeLtWW,1
ID_FD2JdqEV,1
ID_FDDh3zak,1
ID_FDdt5frA,1
ID_FDsgExu0,0
ID_FEY9L0XQ,0
ID_FFX7h99T,0
ID_FFYWE3hd,1
ID_FFkWobj5,1
ID_FG82QxJj,1
ID_FGJXfC40,0
ID_FI1FTp1n,0
ID_FJB8WiQa,0
ID_FJbtNCG7,1
ID_FJjoZNu4,1
ID_FLX4T8Ua,1
ID_FLfCuIA0,0
ID_FMRjriB8,0
ID_FN52PVbq,1
ID_FNJXA9Vk,1
ID_FNU3EUNu,1
ID_FNcw2NkJ,0
ID_FNkxJwzK,1
ID_FNo9xQbk,0
ID_FOaHR6sI,1
ID_FPDrnqoM,1
ID_FPXM3B2G,0
ID_FQtVobWh,1
ID_FS2SXzzQ,1
ID_FSyKFkDE,1
ID_FT07V2ch,1
ID_FU1gQiRZ,1
ID_FVb0sBwd,0
ID_FXLZQ6MR,1
ID_FYU040u5,1
ID_FaQEm7G0,1
ID_Fagvuog0,1
ID_Fak9cZTf,1
ID_FbE0pgfC,1
ID_Fd0lUNi4,0
ID_Fe8NNVbl,1
ID_FeNTQD4R,1
ID_FfXMw6A3,0
ID_Fg77o6yr,0
ID_FgUjlrRC,1
ID_FggqH5Za,1
ID_FgjnJZYC,1
ID_FhoAsKxy,0
ID_FitGmc7I,1
ID_Fj4X7Uap,1
ID_Fj5yzxWR,1
ID_FjMaFRmv,1
ID_Fl1908bP,0
ID_FleDM7Hs,1
ID_Flxg00YK,1
ID_FlzedEgv,1
ID_FmXR1x88,0
ID_FnTSwYrQ,0
ID_FqNGlyXi,1
ID_Fqvavg4V,1
ID_Fr7mO6Tk,0
ID_FsHSDvWq,1
ID_FtLKeEfq,1
ID_FtYu31s8,1
ID_FtZxshEw,1
ID_FttCxH1V,1
ID_FvDci01t,1
ID_FvkDRZCx,0
ID_Fw5NeKCZ,1
ID_Fw9tdAgJ,0
ID_Fxd8N782,1
ID_FxjiVo6w,0
ID_Fxpcgjxf,0
ID_FyvVTZ8O,1
ID_FyzvCbNM,0
ID_FzZiogTi,1
ID_FzagZRGA,1
ID_G04Wtk03,1
ID_G0adi2HQ,1
ID_G0x5XWIM,1
ID_G1HjLuvJ,0
ID_G23x3In3,0
ID_G2ZL9RXC,1
ID_G39WNvvV,0
ID_G3PmpbHP,1
ID_G5mVEEfk,0
ID_G5rNPuOq,1
ID_G5ueolg4,1
ID_G6lv9eCL,1
ID_G7ZDG4AK,1
ID_G8SVszSS,1
ID_G8UfKQSl,0
ID_GAMgnwqV,0
ID_GAOAwI4x,0
ID_GApVyebY,1
ID_GBjbqAMe,0
ID_GCNfj3J2,1
ID_GCUzYAN8,0
ID_GCu8DgfC,1
ID_GDAEXS4H,1
ID_GDM48fkE,1
ID_GDhSsCh6,1
ID_GERWMjDD,1
ID_GFtWKsjt,1
ID_GGfjRfKr,1
ID_GI622mzn,1
ID_GLCbj0bB,1
ID_GLdiFB0M,1
ID_GMpaMwZj,0
ID_GNerXkrD,1
ID_GOLT6mMD,1
ID_GP66XF4r,1
ID_GRYArErH,1
ID_GRhRpWud,1
ID_GRz8fELQ,0
ID_GSMgqmKN,0
ID_GSYXYiW6,1
ID_GU4diVk6,0
ID_GUY4pUJf,1
ID_GUY7E1WP,1
ID_GUe80uhc,0
ID_GVWqOWC3,1
ID_GVoIe4Se,0
ID_GW20WEtP,0
ID_GWht0Beo,1
ID_GX2LlOID,0
ID_GXElXI7z,0
ID_GYJFf00P,0
ID_GYq2S3Q6,1
ID_GZ5yBWj2,1
ID_GZEumQsL,0
ID_GaBA69Hg,0
ID_GaXIdUxE,0
ID_GbbuhcKr,1
ID_GccYeKqD,1
ID_Ge20UNhN,1
ID_Ge42WeyN,0
ID_GerLYxEZ,1
ID_Gf0EpoM5,1
ID_GfQhLtiJ,1
ID_GfYAtlUt,0
ID_GfpTbXlJ,0
ID_GhBA0sng,1
ID_GhFFJ5Ku,0
ID_GhSZOaqL,0
ID_GiPKEfg5,0
ID_GiUu2Z37,1
ID_GkOi1wYk,1
ID_GkkEoFOk,0
ID_Gkxtin6A,1
ID_Gltgord8,1
ID_GnHLIFJw,1
ID_GnZMoVyr,0
ID_GoOOZRUg,1
ID_Gr1tOOU1,1
ID_GsGXnkP5,0
ID_GsfnLZeD,1
ID_GtOdR62I,1
ID_GvrHaL9C,1
ID_GvrtNDKq,0
ID_GxpChi7g,0
ID_GyNTFTEb,0
ID_GyNTFkQo,0
ID_GzTuv7qi,0
ID_GzaKfC1A,1
ID_H0KsoTys,0
ID_H0gs21X6,1
ID_H0hvFkWC,1
ID_H0pyIBxP,0
ID_H1WXnhC4,0
ID_H1dF5LbV,0
ID_H1lNGJAv,0
ID_H1pCPIYx,1
ID_H2ZnyL51,1
ID_H2Zrg3sA,0
ID_H37FtsZJ,0
ID_H3FOHB3Z,0
ID_H5eO0gOT,1
ID_H6AIuoNu,0
ID_H6Eglm8P,0
ID_H6KLcAZ1,1
ID_H7SOLqje,1
ID_H7ppUArv,1
ID_H8UxkHKe,0
ID_H94fy5G7,0
ID_H9giFjmi,1
ID_HA8MUxm1,1
ID_HCdHPlJu,1
ID_HD1YCZVB,1
ID_HDahC9CJ,1
ID_HE7UPRgz,0
ID_HEWF3pkt,1
ID_HFJtwpEL,1
ID_HGeBiOpH,1
ID_HGpWE9p6,1
ID_HH5wjCfO,0
ID_HHVlVCFj,1
ID_HIG1Ya7Q,0
ID_HJS6HnI1,0
ID_HKCDC3FN,1
ID_HLFrN0jt,1
ID_HLkE9POb,1
ID_HMC63TIN,1
ID_HNROZ4dj,0
ID_HNWuVLoX,1
ID_HNaYdJ72,0
ID_HNcflSCt,0
ID_HNeTkIwX,1
ID_HNm5jvH4,1
ID_HNnPKUzr,1
ID_HOnU0e5d,0
ID_HOvigxV0,1
ID_HQFBKbCM,1
ID_HQNi02TQ,1
ID_HQr8Y8nV,0
ID_HR2m2eXU,1
ID_HRWuCS79,1
ID_HRjTSPP7,1
ID_HRmg3fXh,0
ID_HRpRzMdk,1
ID_HSnJyYXM,1
ID_HStLC9Gj,1
ID_HSzXVnqx,1
ID_HVXkRvcT,0
ID_HVgZUqGT,0
ID_HVkLYtk1,1
ID_HVy0Bc52,1
ID_HWFdean1,0
ID_HWeTkblW,1
ID_HXN6HjxN,0
ID_HXrITcBs,1
ID_HYV1fXNJ,0
ID_HYnkjBxr,1
ID_HZ88L4bL,1
ID_HaUyukHd,0
ID_HcAcaBYS,1
ID_Hd6vOU49,1
ID_HdWX91Bt,1
ID_Hdm0lb8S,1
ID_HefiMnER,0
ID_Hf0qUGcQ,0
ID_HfGTdDKY,1
ID_HfsaDbJO,1
ID_HgGb2By2,1
ID_HgV74JfO,1
ID_Hi3tUpwd,0
ID_HiHF10S7,0
ID_Hia5dRCO,1
ID_HjqdPUJQ,1
ID_HkgNQTuj,1
ID_HnV7iXI0,1
ID_Hncr8UM6,0
ID_HoLCoice,1
ID_HrrevpqB,1
ID_HsQ9zoKo,0
ID_Hsmf46KV,1
ID_HstTNH4O,0
ID_HsxtUecm,1
ID_HtGKEaaj,0
ID_HtWeeQlL,1
ID_HtYLXK79,0
ID_Httu9GOP,1
ID_HuNvCizK,0
ID_HunvlvZV,0
ID_HwEA6qrO,1
ID_HydRzZHQ,0
ID_HzfvfWCw,0
ID_I0C0jEN4,0
ID_I2ARmgIz,0
ID_I2cWG6iT,1
ID_I2stCV5h,1
ID_I31NIFRC,1
ID_I3CWGXX4,0
ID_I3fil14P,1
ID_I4K1v1hF,1
ID_I4q2WoQV,0
ID_I51rAYt4,0
ID_I58pWpPF,1
ID_I5olFeQR,0
ID_I612QS0O,1
ID_I6G8DEJO,1
ID_I7L08yyq,1
ID_I8FrwlYJ,0
ID_I8atjYFw,0
ID_I8dHnayY,1
ID_I8j9RZ5G,0
ID_I9NcFInO,1
ID_I9nd88ug,1
ID_I9oW3WbX,0
ID_IBwmL2EP,0
ID_ICOwhovY,0
ID_ICzt18BS,0
ID_ID3tVJF4,0
ID_IDW67z6h,0
ID_IEL9eHSB,1
ID_IEPLe8rB,0
ID_IEkjWtQR,0
ID_IFk6V2co,0
ID_IG9l3dXL,1
ID_IGGeQ5hJ,0
ID_IGMWdvlM,0
ID_IGsocMQ4,1
ID_IHKNoe7c,0
ID_IHUOAiIX,1
ID_IJTSqx6Q,0
ID_IJpQaLMd,0
ID_ILPJuRML,1
ID_ILUMQxGM,0
ID_IMGRnn5P,0
ID_IMKCMocQ,0
ID_IOrhOyQ4,1
ID_IQYedJzu,1
ID_IRTDDrym,1
ID_IRX6zod0,1
ID_IRwhWc2V,0
ID_IS18VjGd,1
ID_ISSvgWQZ,1
ID_ITZVsw1i,0
ID_ITpC7iLB,0
ID_IU9NYgC6,1
ID_IUt0aihM,0
ID_IWUC1fvi,1
ID_IWXT1Vqa,1
ID_IWaM2koz,1
ID_IWu8mIfb,1
ID_IXAtCWBY,0
ID_IY1zov5V,0
ID_IYMTSTWT,1
ID_IYepk0tX,1
ID_IYsKFt8a,0
ID_IZSMqazp,0
ID_IbeOkh5u,1
ID_IbrrPlGA,1
ID_IbtSfcjI,0
ID_IcOy3ak4,1
ID_IdDytQNF,1
ID_IfIMuT6z,1
ID_IfXwL232,0
ID_Ig3zdvq0,1
ID_IgmVusT5,0
ID_IhRpbGFG,1
ID_IhWQz5be,0
ID_IhYCcL4Q,0
ID_IhyKz1w4,0
ID_IiIvx11o,0
ID_IijjoWv8,0
ID_Ijjd7Hq3,1
ID_Ikjh6HuB,0
ID_IlJO7OSD,0
ID_IlZhDj13,1
ID_IltbGkzD,0
ID_IlzHEYbA,1
ID_ImzC1MpG,0
ID_InQ2sd32,0
ID_IndYrTVG,1
ID_Injsi4KL,1
ID_IoVJnBp1,1
ID_IrDGzT5D,1
ID_IrkwIv6C,1
ID_IsXuXaps,1
ID_IuTAT7jq,0
ID_IvaSy5p1,0
ID_IwZ4KaVu,0
ID_IwbewIAa,1
ID_IxQVoE7g,0
ID_IxRQpmWT,0
ID_IxzL8LcU,1
ID_IyS6il6h,1
ID_IyXClmlJ,0
ID_IzSO2qMe,0
ID_IzdG2I9z,1
ID_IziHz5fu,1
ID_J0NrD8UV,0
ID_J0aM157O,1
ID_J0dqEhrm,0
ID_J0qJZzF2,0
ID_J1d6qOZh,0
ID_J24hJL9s,1
ID_J2EtxSRG,0
ID_J2hrzIlA,0
ID_J2nG40iH,1
ID_J3HGbJV6,1
ID_J3j4sZWu,1
ID_J3ttFvBd,0
ID_J4LKzT2k,1
ID_J5135cB3,1
ID_J5ph0zGN,1
ID_J68SIfXW,0
ID_J6CaiJZj,0
ID_J75fh5uX,1
ID_J8Bxjxoo,1
ID_J8J53ayb,0
ID_J9AX6G1r,1
ID_J9Yvn5YM,0
ID_J9m4WyQ0,0
ID_JA5Sm10c,0
ID_JAN7pea7,0
ID_JBtSTtaz,0
ID_JBz9SRuW,0
ID_JC97iJ9R,1
ID_JCIfYaoU,1
ID_JCOMUFEt,0
ID_JD3dTzHv,0
ID_JD7wlEsn,1
ID_JDHyZkeE,1
ID_JDsMRF6O,1
ID_JEe1SqRm,1
ID_JHnzqaQq,1
ID_JHtpeo4H,1
ID_JHvVf6ZJ,1
ID_JINupEfG,1
ID_JK63rkAw,0
ID_JK7H3Enr,1
ID_JMNXVitz,1
ID_JMc5ssQi,1
ID_JNm7Hql9,0
ID_JNxvEOMk,1
ID_JOJcR1Qc,0
ID_JP0ijU5G,0
ID_JPLJDoF7,1
ID_JPOXmRAi,1
ID_JPs8MrEm,1
ID_JQEA1XVj,1
ID_JSg2T9uk,0
ID_JTqQ78sg,1
ID_JTrXbvvS,1
ID_JVZCIyuY,1
ID_JVeUVuNh,1
ID_JXStl6jP,1
ID_JYkG8pXI,0
ID_JZLRqbAi,0
ID_Ja1vAeyY,1
ID_Ja35knKe,1
ID_Jb7B0C3Q,0
ID_JbT1nW9E,0
ID_JcZRl5p7,1
ID_Jd9aGIgN,0
ID_JdRE6A8S,1
ID_JeL6nEN2,0
ID_Jeqxu8zd,0
ID_Jgcy2HGL,0
ID_JicOpEEL,0
ID_JipP40gZ,1
ID_JisRPbQv,0
ID_JkzKSipe,1
ID_JlRZEsAy,0
ID_JmmkGmoR,0
ID_Jn7QAtwk,0
ID_Jnd9xAUr,0
ID_JnuhKsTN,0
ID_Jo9watcO,1
ID_JoIJZEee,1
ID_JontWCaP,1
ID_JorbipIK,0
ID_JpEJSvPs,0
ID_JpGN4mRb,1
ID_JpH1b09n,0
ID_JpLYTerl,0
ID_JpUQJjTi,1
ID_JpjVRxt3,1
ID_JrEbWuTu,1
ID_JrOMHQm5,0
ID_JsHn62X5,0
ID_JtlygaBE,0
ID_JuGxdaG2,1
ID_JumkfJR1,0
ID_Jux40cv7,1
ID_JvDU5yPu,1
ID_JvOBWMtH,1
ID_Jw40Bw1K,1
ID_JwDTPuIF,1
ID_JwkXwvNg,0
ID_Jx63xLiV,0
ID_JxqUOqnk,0
ID_Jywfe57u,1
ID_JyxRTapM,0
ID_K2FqipZK,0
ID_K2anK7vf,1
ID_K2fageeU,0
ID_K4WiVMs3,1
ID_K56kzXeX,1
ID_K5I0qBV6,0
ID_K5ym4pG0,0
ID_K6xFplOW,1
ID_K7fc4OCX,0
ID_K7mf6uC8,0
ID_KBCJPvfo,0
ID_KBj2pngy,0
ID_KBrP8ikH,0
ID_KD1Q9Ogh,1
ID_KDGUdhTv,1
ID_KDOdxXn4,0
ID_KDSpQlcL,0
ID_KDTw0NPH,1
ID_KDdNTc1x,1
ID_KDofLEil,0
ID_KFq7Wcri,1
ID_KG5blFTU,0
ID_KGY09KUS,0
ID_KGlIjRwL,1
ID_KHCkKmUi,0
ID_KHXPXfeO,1
ID_KHlK8S2W,1
ID_KICXbIwV,0
ID_KIgcXjlT,1
ID_KIpr9JlM,1
ID_KLAXaQij,0
ID_KLYMe5QX,1
ID_KMBmLrSj,0
ID_KMEp4Wez,1
ID_KNRwO5Ma,0
ID_KNUOmYEm,1
ID_KNi13H6f,1
ID_KQfRdOc7,1
ID_KRKnPN2B,0
ID_KRj3cZGu,1
ID_KSRkp5BZ,1
ID_KTbJav7n,1
ID_KToRwydF,1
ID_KUkMkFfu,1
ID_KVoqgquE,1
ID_KWA6HpE4,1
ID_KWiqDuj3,1
ID_KX65GDSG,0
ID_KXfVPITM,1
ID_KYCM2gfh,0
ID_KYOZr1Zn,0
ID_KYP16CGA,1
ID_KZDWQWqI,1
ID_KZHEjwbi,1
ID_KZPL1DnH,1
ID_Ka9js2DI,1
ID_KaAoPvPs,1
ID_KahTNdrC,1
ID_KakipyqC,0
ID_KbcX8MJC,0
ID_KcVIpmPH,1
ID_Kd2YLGBJ,1
ID_Kd6i9ij4,1
ID_KdCD0duR,1
ID_KdFsjGlg,0
ID_KdOqbf2D,0
ID_KeE5knb5,0
ID_KeOfQ8pe,0
ID_KejPkrGh,1
ID_Kf9siP1T,0
ID_KfV2Y4wo,0
ID_Kfl2L6qC,1
ID_Kfx7Lpcz,1
ID_KgMgjXuf,1
ID_Kga87cth,1
ID_KguwwxsP,0
ID_Kh5pRV0J,0
ID_KhD6pzNX,1
ID_Kiuv4E5C,0
ID_Kj0152vG,0
ID_KjWmQa7x,0
ID_KkTqH5uQ,1
ID_KoCYAFY5,0
ID_KoOt9hfk,1
ID_KojXmgtG,1
ID_Kp5stiKq,0
ID_KpS9rRbi,1
ID_Kqp0r21B,1
ID_KruibP4J,1
ID_KsUQJHM9,0
ID_KtUAW2Ks,1
ID_KteCSuPW,1
ID_KtfxP8g2,0
ID_KvHAPqRd,0
ID_Kvd5metx,1
ID_KwC8rcuc,1
ID_KwhIvV0q,1
ID_KwqvR9mC,1
ID_Kwuw5l0V,0
ID_KxjsCmBq,0
ID_KxuCJ9kM,1
ID_KyjAXfVx,1
ID_Kyp1xtgd,0
ID_KyyXuV6t,0
ID_KzZUaM02,0
ID_KzbdujO6,1
ID_KznFFXby,1
ID_KzyF3Mr2,1
ID_L0YiDmck,1
ID_L1b3Bqhc,1
ID_L1l8B8E4,0
ID_L2n0lir0,1
ID_L4nYwamF,1
ID_L4qle9gI,0
ID_L4ydSmFl,0
ID_L6skRCr4,1
ID_L70fGrn1,0
ID_L721jku7,0
ID_L79s2u3P,1
ID_L7qdljiI,0
ID_L8dJnUAi,1
ID_L8p1Khp7,1
ID_L9ENjbIK,0
ID_L9frLf01,0
ID_LBu8t6i0,0
ID_LC56h2bf,0
ID_LCgxX46d,1
ID_LCozZK6q,0
ID_LCptjNCH,0
ID_LFECDqs8,0
ID_LFO6urVb,1
ID_LGIRpDPB,0
ID_LGVEyYfl,1
ID_LGbuxoJO,1
ID_LHiP1PDz,0
ID_LHjf32vZ,0
ID_LHrc6fyL,0
ID_LI188G1x,0
ID_LIZpk4yI,0
ID_LIrT3LnW,0
ID_LJmqYmmu,1
ID_LKKGxjec,1
ID_LKir5hRn,1
ID_LKzk0MN3,0
ID_LLyBsxYt,0
ID_LLyh9ytr,0
ID_LM7Umqhx,1
ID_LMP1NVRI,0
ID_LMPLFm0E,1
ID_LMXdub5X,1
ID_LMeteW9q,1
ID_LNULK203,1
ID_LNWN3wge,0
ID_LNkDWblV,1
ID_LOG1ca6G,0
ID_LQUThsmQ,0
ID_LQoHQas8,1
ID_LRFurjwU,1
ID_LRc5tI5X,1
ID_LRh6Vsv6,1
ID_LScfY7Qm,1
ID_LSmjpku6,1
ID_LTLEBZdR,0
ID_LTcUuHYV,1
ID_LUChGjSz,0
ID_LUprTggI,0
ID_LVlxv1RY,0
ID_LVtKTq4w,1
ID_LWTUaohC,0
ID_LXzzB98E,1
ID_LYTkYQ5q,1
ID_LYasKCFx,1
ID_LYjilMBF,0
ID_LZAkuQfH,0
ID_LZrNR4Wg,1
ID_La3o93Ab,0
ID_LawYatvO,0
ID_Lb8jscd6,1
ID_LbDQIdGo,0
ID_Lbu79N07,1
ID_LbvY5asn,0
ID_LdLCkOFA,1
ID_LdYNXARa,0
ID_LfTmNXfc,1
ID_Lfz5oPGA,0
ID_LgU1hYkk,0
ID_LgijIAKz,1
ID_LgyQybfF,0
ID_Lh6paXDB,0
ID_LhT4hUaL,1
ID_LhYMiWex,0
ID_LhqMy99n,0
ID_Lhx7vF8c,0
ID_LiMaxJVE,1
ID_Lj5dgOaX,1
ID_LjhLAkLi,1
ID_LjynsTAB,1
ID_Lk9NB5QC,1
ID_Lko06lYY,1
ID_Ll62B7Rx,0
ID_LlLx4mOp,0
ID_Lll5ITBa,0
ID_Lm2m6Ntt,0
ID_LmLYoZDz,1
ID_LmVRAnIf,0
ID_LnDWk1LD,1
ID_LnbvoIRd,0
ID_LnlICYNY,0
ID_LoQcERot,1
ID_LoykGwQb,1
ID_Lp13GIib,1
ID_LpgAHC3b,1
ID_LpnqTvbW,1
ID_Lq2mok0W,1
ID_Lqu4EDyV,1
ID_LrjkRho7,1
ID_LtcfZRSF,1
ID_LujHczfR,1
ID_LvO9mmRG,0
ID_LwT7o4W7,0
ID_Lx7UhRM7,1
ID_LxqEU7P1,0
ID_LyZLjhQf,0
ID_Lyx21WIq,1
ID_LzniyvBz,1
ID_M0cpGky4,1
ID_M150LJaZ,0
ID_M29BNGY1,1
ID_M2bX02sv,0
ID_M3B92vBV,1
ID_M3ZoOtK7,1
ID_M4B4tU84,0
ID_M50JpLGb,0
ID_M5P1IlXw,0
ID_M5X1lTBj,0
ID_M5knc93J,0
ID_M5xtb0FB,0
ID_M6I4HL7s,0
ID_M7msHbFs,0
ID_M8igt67X,1
ID_M9gV3dkV,1
ID_M9wFHEyj,1
ID_MA8yOjQ2,1
ID_MBvgwIwa,0
ID_MCBvbczn,1
ID_MCxsGlD2,1
ID_MDtULfzf,1
ID_MDwGvCcp,0
ID_MDzuzGOJ,1
ID_ME4mUqYC,1
ID_METpioKy,1
ID_MF00AWgd,1
ID_MFC5mwsU,0
ID_MFVOOH4A,1
ID_MFuRtnMV,1
ID_MGsO8kqo,1
ID_MGu08Yzb,1
ID_MI2JDcwm,0
ID_MJh55LIx,1
ID_MK8PoeML,1
ID_MKNxZxz5,1
ID_MKWhtf1m,0
ID_MKm770qw,1
ID_MMPhZ8fN,1
ID_MN74785S,0
ID_MOxZOZZd,1
ID_MPT8LWTN,0
ID_MQ29iD1Q,1
ID_MQQcB0Bq,1
ID_MQTIxS1B,1
ID_MQkCNuY9,0
ID_MR84RaWG,1
ID_MRfMZQC0,1
ID_MSdji9qE,1
ID_MSiDho70,1
ID_MT9UkDyd,1
ID_MTF1wE3f,1
ID_MUMVZrP7,1
ID_MUTKnqH9,0
ID_MUbNoxBk,0
ID_MVBc51hI,1
ID_MVmvnwnO,1
ID_MWFkVFJX,1
ID_MX3xTPi6,1
ID_MYIt7V3g,1
ID_MYUXNfZs,0
ID_MYh7sRBf,0
ID_MYz2zvtp,1
ID_MZMrlQAA,1
ID_MZPwha8T,0
ID_Mb1Tat9p,1
ID_MbNMFdFo,0
ID_MbYbksto,0
ID_McPCMubY,0
ID_McWQ91Qw,0
ID_MdB0pVG3,0
ID_MdM1O9ki,0
ID_MdRTCZVm,1
ID_Me3EycoE,1
ID_MfChdcrd,0
ID_MfyuRkNB,0
ID_MgGh2Gbd,1
ID_MgcH6KHJ,0
ID_MhKJ01FR,0
ID_MidQ6LPI,1
ID_MjUp2xti,0
ID_MjoUPIW7,0
ID_MjyS9Yvo,0
ID_MkWNS0gY,1
ID_MkZ9gozl,1
ID_MkcWiutv,0
ID_Ml0rfQpu,1
ID_Mm3nzoIB,1
ID_MnQY6Kt3,0
ID_MnWnNKdu,1
ID_Mo2g66p4,0
ID_MpvGaAsv,1
ID_MpzMQOun,0
ID_MqercEbs,0
ID_MqlD8QW1,1
ID_MrQX1OyU,0
ID_MtDuWN7j,0
ID_MtQKcJmd,0
ID_MtVhJeiN,0
ID_Mu4b9aZc,0
ID_MuXRHJIT,1
ID_Mubzocps,0
ID_MwV910DB,1
ID_MwX4HxAl,1
ID_Mx8IjiuV,0
ID_Mxobej9Z,1
ID_MxrnxyUZ,1
ID_Mxsq0iZI,1
ID_My6rOuub,1
ID_MyH2Wubj,1
ID_MyluWqkF,1
ID_Myyz4ck6,1
ID_N040oYfe,0
ID_N08A4YTH,1
ID_N0yfmbpC,1
ID_N1jShjBg,1
ID_N2BdQZ6F,1
ID_N3Zb4LWB,1
ID_N40uEDj1,1
ID_N4UEPji8,0
ID_N4uwMclM,1
ID_N60YY3V5,1
ID_N68DO0hs,1
ID_N6G5er6L,1
ID_N6pFBShs,1
ID_N6xjzsrl,1
ID_N727zlf8,1
ID_N7C6IwaH,1
ID_N83wKKGD,0
ID_N890pQrs,1
ID_N8W7cSXn,0
ID_N8ae6nc6,0
ID_N8wToqU7,0
ID_N90wAIBT,1
ID_N92PM0XS,1
ID_N92XkEyd,1
ID_NAKKtE9V,0
ID_NAOfLnme,1
ID_NCcCSRbt,0
ID_NDgjPYus,1
ID_NDjVosaJ,1
ID_NDq8tCBf,0
ID_NEf3Brio,1
ID_NFWSp48N,1
ID_NGPQR0q0,1
ID_NH2r21mw,1
ID_NHrmiz97,1
ID_NIUBXvLe,0
ID_NIZ4lxok,0
ID_NIy7rO0P,1
ID_NJH9dG7o,0
ID_NKFeE2UQ,1
ID_NLI4dFXZ,1
ID_NLQS2uEz,1
ID_NLZUojn8,0
ID_NNHQC1Oo,1
ID_NNPDRnTz,1
ID_NNWDtpEF,0
ID_NNYRkJGf,1
ID_NNgFxofu,1
ID_NNkmv0EA,0
ID_NOlfiEoc,1
ID_NPAnGNEg,0
ID_NPxalx5y,1
ID_NQ7yX1xy,1
ID_NRm1tp7A,1
ID_NRtBgtwX,1
ID_NSfEItZw,1
ID_NSvIkWcA,0
ID_NTNeCtAt,0
ID_NTUqHNA5,1
ID_NUM9haYt,0
ID_NUYAuR76,1
ID_NV3su2Ta,0
ID_NVobHW3H,0
ID_NW4ngOI5,0
ID_NWVrE7tc,0
ID_NWddmCY1,1
ID_NWw0dsfm,1
ID_NXAQznXM,1
ID_NXBcwutx,0
ID_NXRzOg9A,0
ID_NXoHMoab,0
ID_NXr3Ez75,0
ID_NYYac5Mz,0
ID_NZE8fvxx,1
ID_NZERCd6Y,1
ID_NZiPQEvK,0
ID_Naidvhof,0
ID_Nbv5XQqd,1
ID_Nc5WFLEc,1
ID_NcYTWYF1,0
ID_NdVK1UGC,0
ID_NdifNpgn,0
ID_NfqhslWc,1
ID_NfyYxxeI,1
ID_NgHHANAP,1
ID_NgbcYEEz,1
ID_NhVpV37O,1
ID_NhqBjuqW,0
ID_Ni3pROI9,1
ID_Ni41mvcU,0
ID_NiWzIe4V,1
ID_NicKMf1z,1
ID_NidSZhG8,0
ID_NiyKp9KG,1
ID_NiyRCuCN,0
ID_NjMGGzfF,1
ID_NjWyk3de,1
ID_NjXq7x27,1
ID_NjrzOHf2,0
ID_NkUsL7w3,1
ID_NkYNIA6I,1
ID_NkrshsO8,1
ID_Nl4xxNgE,0
ID_NlkWTUTd,0
ID_NmQV7NrC,0
ID_NoMezrLK,1
ID_NoPvb74v,0
ID_NobYahAI,0
ID_NobboChl,1
ID_Np2s5a3g,0
ID_NpcqEQfx,0
ID_NpmlzO43,0
ID_NqeaZczs,0
ID_NqkGIv8a,1
ID_NrQWVYcO,1
ID_NsPgjHzt,1
ID_NsxHJUYB,0
ID_NtEGE0OF,0
ID_NtMKzBmi,1
ID_NuJOUQ2d,1
ID_Nunxu9Cb,1
ID_NvE6wqKZ,0
ID_NwfU0jPe,1
ID_NxEQiBDU,0
ID_Ny05Tsfm,0
ID_NzwnXPrr,0
ID_O0Bp7grh,1
ID_O0tPZ0S7,1
ID_O2Fj0Ihj,1
ID_O2ZhluWh,0
ID_O3ydqfB6,0
ID_O496fzCQ,1
ID_O6UlC4rE,1
ID_O6l2GiVf,0
ID_O7MKHnSx,0
ID_O7iRvIBa,1
ID_O7rF8DQN,0
ID_O9EUScTi,1
ID_O9LS1jzH,0
ID_O9TPUY26,1
ID_O9b9vCDD,0
ID_OBLDaLRF,0
ID_OBbnLlvF,0
ID_OBq7Iww6,0
ID_OBz5SDCi,1
ID_OCpkQmsp,1
ID_OD81ehYj,0
ID_ODOSvUCY,0
ID_ODlwFasu,0
ID_OE3YAlvQ,0
ID_OE5padiZ,1
ID_OE7MUDzO,0
ID_OEBlE59U,1
ID_OFIc6unD,1
ID_OFo8PhEj,1
ID_OFvtVYlw,0
ID_OGKCOodl,1
ID_OHiLaAdY,1
ID_OI2Nh9rI,1
ID_OJ4Zatop,0
ID_OJQC7bPT,1
ID_OJiDjBAs,1
ID_OJshfLeA,0
ID_OKJDasfU,1
ID_OLFFfiYh,0
ID_OLGxQR6T,0
ID_OM00G7VR,0
ID_OMU6wKNu,0
ID_OMpL1yF0,0
ID_ON7oyvm1,1
ID_ONtLYIh2,0
ID_OOOfPFp6,0
ID_OOdRvRiT,1
ID_OPWP1aGW,1
ID_OPhRARQv,1
ID_OPvS3yx9,1
ID_ORBBw5kY,1
ID_OROpGYoU,1
ID_ORP28yy0,1
ID_OSvlhkeg,0
ID_OUQKiIXT,0
ID_OUn1ibHT,0
ID_OWS3lPUc,1
ID_OXL4bGwQ,1
ID_OY96DX4U,0
ID_OYvBYqkx,1
ID_OZyC3jew,0
ID_OaJnQNHI,0
ID_OaW4P9kT,0
ID_OamJx8MR,0
ID_ObKoc5gb,1
ID_ObVdykRr,0
ID_OdpQq6Wp,0
ID_OeQfg1jl,1
ID_OebmKGBd,0
ID_OecEjjFV,0
ID_Of5K9ncv,0
ID_Of8FwuMt,0
ID_OfUEeOCQ,0
ID_Og84v8gu,0
ID_OgOD8oDj,0
ID_OhCt0x23,0
ID_Oi1lH1WR,0
ID_OjIwBDh6,0
ID_OjsIBBuU,1
ID_Ok6OktM3,0
ID_OlI1tJ05,1
ID_OmSg34fZ,0
ID_OmmZ9B1E,1
ID_OnraIHvg,0
ID_OovimP5e,1
ID_OptvxtG5,1
ID_OpxGUpdP,1
ID_OqwvIn3k,1
ID_OrT2dzji,1
ID_OsZQhdsM,1
ID_OtRwHIeY,0
ID_OtpR1X17,1
ID_OuEx9Luo,0
ID_OucYoqXi,1
ID_OuijV1Aj,0
ID_OvFaTJ45,0
ID_Ow6t26nX,1
ID_OwGpoQNb,1
ID_OwjPtmDG,0
ID_OxUYrcbb,1
ID_OxX1CXUN,1
ID_OzYSBcM6,1
ID_P0AP6Aul,1
ID_P0zyMbg2,1
ID_P1QDLBX6,0
ID_P2U50hSD,1
ID_P2YxaI7p,0
ID_P3Kk5PGy,1
ID_P3n01GFJ,1
ID_P4sFAiR5,1
ID_P5D0G3hl,0
ID_P5u61XmW,1
ID_P8eGMCxK,1
ID_P8loiLg1,0
ID_P9HKqpDX,0
ID_P9PIOaBw,0
ID_P9g5RuCW,0
ID_PA1F09jP,0
ID_PAiaUNI4,0
ID_PBs3YHVa,1
ID_PByw5g4g,1
ID_PC7Nt9dd,0
ID_PCHTJHXJ,1
ID_PEKCDAg1,0
ID_PFlqBuyn,1
ID_PG2aSL6i,1
ID_PGcKDZix,0
ID_PGonEumx,0
ID_PI4gii00,1
ID_PIkyIGux,1
ID_PIqqSFJf,1
ID_PJlBcfUs,0
ID_PL8EmuCw,1
ID_PLP3RKLU,1
ID_PLTl9180,0
ID_PLkh5ZpX,0
ID_PM65RBBk,0
ID_PMNu1Nkl,1
ID_PMqXUJLZ,1
ID_PNc6pjwG,1
ID_PNkMCpnw,0
ID_PPM83NC8,1
ID_PQMEOjpB,0
ID_PQbhTe66,0
ID_PQvwqIoe,0
ID_PQy0j8iw,1
ID_PRSYpUoF,0
ID_PSloE46B,1
ID_PT0ohxRT,1
ID_PT4MvxLD,1
ID_PT6HuvBs,0
ID_PTsbR3x6,1
ID_PUCI3zXa,1
ID_PV9ERQMV,0
ID_PViZKaor,1
ID_PWLpINmF,1
ID_PXeaLqFa,1
ID_PXvfGzxj,0
ID_PZarDH1Y,1
ID_PavtikNo,0
ID_Pb89h44v,1
ID_PbKyHp3M,0
ID_PcO5Ura8,0
ID_PdfgnbVE,1
ID_PdxJjhaQ,1
ID_Pe1sHdsV,1
ID_PfLNfFFC,0
ID_PfbBFjaY,1
ID_PfjilcR4,1
ID_Pg542NlO,0
ID_Ph3pykOi,0
ID_PhUHu6jP,0
ID_PhcaE2ZQ,1
ID_PhiptZYm,0
ID_Phk2AvWb,1
ID_PiqP94UU,1
ID_PjS0dai7,1
ID_PjqfWju5,1
ID_Pk5108uf,0
ID_PlNJzBmG,0
ID_Pldc0L7v,0
ID_Pm24gxbI,1
ID_PmHqCmmC,1
ID_PmgGsgXY,0
ID_PmgnMKB2,0
ID_PnQLM5OS,0
ID_PnZsQi6P,1
ID_Po0poJ8k,0
ID_Pq3F0Vpk,1
ID_Pr32FDnS,1
ID_Prk1vx1b,1
ID_PsBJJsFV,1
ID_PscbRzoX,1
ID_PsoEJr2v,0
ID_PspexAt8,1
ID_Pt4Poavy,0
ID_PtDyalVz,0
ID_PtFd2OHE,0
ID_PtGZ5XDH,0
ID_PtUgWyxl,0
ID_PuO0LoEp,1
ID_PuT4xOVP,1
ID_Pupkvy8K,1
ID_PvARF0sD,0
ID_PvlYH1wa,1
ID_PxBBbMU9,1
ID_Pxc2qxSv,1
ID_PxfaAtDJ,1
ID_PyjgH03j,0
ID_PypcbSCq,1
ID_Pz1K8p9b,0
ID_Pz8fuAdw,0
ID_PzH0bJSE,1
ID_PzsZAmMU,0
ID_Q03SXBHt,1
ID_Q0SwK1W5,0
ID_Q0UEbhG8,1
ID_Q1Qm3nc9,0
ID_Q1Ys0S9h,0
ID_Q1h1HzlC,0
ID_Q1yEQiml,1
ID_Q2PuQfqz,1
ID_Q2UhSCGs,0
ID_Q34oEdVJ,1
ID_Q35AOXF4,0
ID_Q4ny1Y3B,1
ID_Q4oyD38N,1
ID_Q5PQER96,0
ID_Q79YMeYf,0
ID_Q7gPCjTo,1
ID_Q7q81xKz,0
ID_Q8FMvP0n,0
ID_Q8h21HRr,1
ID_Q8i6sdEr,1
ID_Q9gapk39,0
ID_QB7QjdDZ,0
ID_QBA6FMBn,0
ID_QBFFaez1,1
ID_QCOQ2bRi,0
ID_QCPr8Ytm,1
ID_QCq39rUZ,1
ID_QCw9qsQq,1
ID_QD7c2KWy,0
ID_QEvaUBY9,0
ID_QFRcY08Q,1
ID_QG9v2Y2y,0
ID_QH1SROeg,1
ID_QHZwMtHQ,0
ID_QHs2Esfv,1
ID_QHvIqvij,1
ID_QHwRZcF1,1
ID_QJCk7IWp,0
ID_QJOOuG8Q,1
ID_QJT1IqYF,0
ID_QKoYFpnj,1
ID_QM6iRS0q,0
ID_QN3NLEX7,1
ID_QNgvIrht,1
ID_QO5wQyZn,1
ID_QO74RU1h,1
ID_QO7iqI3o,1
ID_QOhHVAVJ,1
ID_QOp0kXJE,1
ID_QQZN7ZTt,1
ID_QQvKTiQk,1
ID_QRNe6eZ6,1
ID_QSM8xnuA,0
ID_QSNCpJUJ,1
ID_QSXKTyqv,1
ID_QSfDIrIU,0
ID_QSpCSvk5,0
ID_QTZvs7va,0
ID_QTpr182W,1
ID_QTvmeP79,1
ID_QTzf6dBI,0
ID_QUAwM3Ya,1
ID_QUagfVWk,0
ID_QUeZ7Reo,1
ID_QUmDT8k9,1
ID_QUndYAkM,0
ID_QV2biWie,1
ID_QVIFteo1,0
ID_QWsfPaTE,1
ID_QXYvzsYp,1
ID_QYXQzqlS,1
ID_QYbQuRCB,1
ID_QZLZHCF2,1
ID_QZTlCuPY,1
ID_QZTmb50P,0
ID_QagGfXQ9,0
ID_QajQ6Fxg,0
ID_QbT3EPcy,1
ID_QbaZJiAx,0
ID_QbllejsV,1
ID_QbqYbKCC,0
ID_Qd16gPnG,0
ID_Qd5CihXA,1
ID_QdElSQae,1
ID_QdyAmgPT,0
ID_QeEFHEXg,1
ID_QeTleoer,1
ID_QeWObYqq,1
ID_QeZWphlU,1
ID_QfiT1Qwb,0
ID_QfjG4um9,1
ID_QfsneZqa,1
ID_QgXhqcWI,1
ID_QgeJZQEr,1
ID_QghV79qA,1
ID_Qh5iLNVK,0
ID_Qh9qBARI,1
ID_QhFxaft1,1
ID_QhYbrz4g,0
ID_QhtCUgS6,1
ID_Qie940H0,1
ID_QkLiqmeD,0
ID_QkmTXMWp,0
ID_Ql6s2kZU,1
ID_QlXLcthW,1
ID_Qm0VTQ6m,1
ID_QmVp2Lc3,0
ID_Qn8myrjQ,1
ID_QncziU1E,1
ID_QotO7QvD,1
ID_Qp5Wv7nZ,1
ID_QpLnj2YF,1
ID_QrNasmCr,1
ID_QrTZMLG0,1
ID_QsIL0Rbe,1
ID_QsMusiEc,0
ID_QseDEYf9,1
ID_QsjxM1vt,1
ID_QspnBs0v,1
ID_QtWg9dUf,0
ID_QuTZRxkC,0
ID_QufxEsGk,0
ID_QvR3UNtI,1
ID_QvbtM2eI,0
ID_Qw6Ww1xC,0
ID_QwID7pdF,0
ID_QwNwU8Ow,0
ID_QwaoUkoj,1
ID_QyD7wyOh,1
ID_QyqVe3B5,1
ID_QyzBhHIy,1
ID_QzcOHyan,1
ID_QzxbjGEM,1
ID_R08RGdgH,0
ID_R0spAz4W,0
ID_R10QuB6F,0
ID_R1KcK0OO,1
ID_R20vG9vW,1
ID_R2PF6oHA,0
ID_R2j0n3O3,1
ID_R3fIcjsM,0
ID_R45dGFYw,1
ID_R4ByMiO4,0
ID_R4PFZi8T,0
ID_R4wwwmNe,0
ID_R5GzMXOb,0
ID_R6MjfQMT,0
ID_R6RpstBf,0
ID_R80mZYLz,1
ID_R81ZogdG,0
ID_R8nnlw6e,1
ID_R9HInbXg,0
ID_R9ZyMUgW,1
ID_RAHEy03n,0
ID_RAkbWKVF,0
ID_RCa1T3yM,1
ID_RDOvmZQ9,1
ID_RDWBQwrW,1
ID_RDYriyHt,1
ID_RDafBKs7,0
ID_REA64LQD,0
ID_REVgfIvQ,0
ID_REg8Cpln,0
ID_RF24cngv,1
ID_RFCesroL,1
ID_RFIa1BOm,1
ID_RFVCrF0j,1
ID_RGBKEEqn,0
ID_RGYV5gxw,1
ID_RGa1nVxP,1
ID_RGd2V3Z5,0
ID_RKSsPllu,1
ID_RLCQNHyY,0
ID_RMRA92kp,0
ID_RMgb7VAE,1
ID_RN548UBg,1
ID_RNJsCjum,0
ID_RNa4UUiv,0
ID_ROLfZqiY,0
ID_RONFSPmj,1
ID_ROivvPB4,1
ID_ROzBpk7P,0
ID_RP7MrdyX,0
ID_RPBaSWA8,0
ID_RPEfYNHP,0
ID_RPqfOp7l,0
ID_RQCFgTsx,0
ID_RQUg57Ux,0
ID_RQbzuHtn,1
ID_RS12gZOF,1
ID_RS6n2kgn,0
ID_RSm6TvCu,0
ID_RTFp7reO,1
ID_RTZpVsVh,0
ID_RTwxmaEZ,1
ID_RUBOu12e,1
ID_RUCacoM3,0
ID_RV7MNiIu,1
ID_RVDjdwqC,1
ID_RVJo0B75,1
ID_RWSblgUr,0
ID_RWfx4CqR,1
ID_RXD188Ju,0
ID_RYjhOO2w,0
ID_RYxlC5A9,0
ID_RZWlnPRU,1
ID_RZpDpIaX,1
ID_RZt4rmbb,0
ID_RahAaNL3,1
ID_RbEJGWKt,1
ID_RbYaEyIi,1
ID_Rc4q2ACw,1
ID_RcVAjTpa,0
ID_RdTWZB17,0
ID_Re9Rczvw,0
ID_ReMHDW99,0
ID_RemRNFhT,0
ID_Rf8dzZgZ,0
ID_Rf8lMI2J,1
ID_RfeC7mLL,0
ID_RfxOAroX,0
ID_RgxRhF9h,0
ID_Rh4Vm3Tk,1
ID_RhELvQe1,1
ID_RhqvYHcZ,1
ID_RhuRU2I8,0
ID_RhvvDhKe,0
ID_RjaatrHV,1
ID_RjqRCTxI,1
ID_Rk7wFZAn,0
ID_RkhnGqwm,0
ID_Rkuo78TM,0
ID_RmTR7Re6,1
ID_Rnd2OcXi,1
ID_Ro5j21IT,0
ID_Ronn9zAY,1
ID_RpqMPNzF,1
ID_RqA31och,0
ID_RqiHxvMy,1
ID_RqxLoVHx,1
ID_Rr8FyAM9,1
ID_RrI1DkJo,1
ID_Rrwd2JMA,0
ID_Rs6AgIKC,1
ID_RsBAr2B5,1
ID_RsEns66h,1
ID_RsSifO5g,0
ID_RsaEt9le,0
ID_RssXwVRL,0
ID_RtSUKc6n,1
ID_Rtjew1fE,1
ID_Ru5oGLDq,1
ID_Ru86csUj,0
ID_Rufoh5FI,0
ID_RvcG9mc4,1
ID_RviRplp5,1
ID_RvlCrsOI,1
ID_Rw23SehX,0
ID_Rw5gZb63,1
ID_RxtOcq6F,1
ID_RyGAWrpR,0
ID_RyPHaqLw,0
ID_RygddmkX,0
ID_RzHLzIBZ,1
ID_RzUANk9X,0
ID_RzlWk2y5,1
ID_S0pzfANe,1
ID_S1UsbJnB,1
ID_S2Q4ujcw,1
ID_S2jShGth,0
ID_S2rOHm9l,0
ID_S2wit7G2,1
ID_S3PPMhsw,0
ID_S3cVe9oB,1
ID_S3pCIoBR,1
ID_S4w9yKgp,0
ID_S5PrPNjb,0
ID_S5UkVgfg,1
ID_S5zeYm3D,0
ID_S88shH1W,1
ID_SA3Wan7k,0
ID_SAVsm2oe,0
ID_SBLM2Q8c,0
ID_SBieR7p9,1
ID_SByZ82QE,0
ID_SC6jGAFc,1
ID_SCNiJY7o,1
ID_SCRB0Zvw,0
ID_SCkkD2by,0
ID_SE1mltUt,1
ID_SEhxjSPb,0
ID_SFG8DY9r,0
ID_SFM1suBU,0
ID_SFunguWi,0
ID_SGa4fHvQ,0
ID_SGbdzBsd,0
ID_SGrsalER,1
ID_SH5WDSAk,0
ID_SHLLtDhE,0
ID_SHVr5nWK,0
ID_SInTRMxr,0
ID_SIp6MOKP,0
ID_SKCZGcB1,1
ID_SKxrldwh,0
ID_SL300XGf,1
ID_SLj3GJ8S,1
ID_SLj9Wb3M,1
ID_SLqbPnjG,0
ID_SLzfuvip,0
ID_SMCaUSkp,0
ID_SNjJnTAQ,0
ID_SOagmwTx,0
ID_SOunZ8Ps,1
ID_SQRuclAn,1
ID_SQWeV2Pf,1
ID_SQzPMjGM,1
ID_SREFHemx,1
ID_SRp1oIiz,0
ID_SSn5Xzhy,0
ID_SSqNoq55,0
ID_ST4987MJ,1
ID_STRChR2J,1
ID_STrHaO7p,1
ID_SU5Dyuwz,0
ID_SW72nhOg,1
ID_SWMf5IG1,0
ID_SWzC0Hul,1
ID_SXXIriuy,0
ID_SXpMml8N,0
ID_SY0yUriX,0
ID_SapTV3pV,1
ID_SaxxWy10,1
ID_SbCeer08,0
ID_SbphqFQ8,1
ID_SbvZ7e1R,1
ID_ScWQFpOY,1
ID_SdFs2xDl,1
ID_SdTd4nxB,1
ID_SdbALPQA,1
ID_SepbCFQt,1
ID_SeueJNgt,1
ID_SfEilqwu,0
ID_SfPOJlwJ,0
ID_Sg5GP3fA,1
ID_SgUxEzmy,0
ID_SgwyokKC,0
ID_ShDCTLTe,0
ID_Shls1u0s,1
ID_SiBcPXUh,0
ID_SiRdcO5A,1
ID_SjaMqqgJ,1
ID_Sjndn6dy,0
ID_Sk7spgGe,0
ID_Sl1v5Yyv,0
ID_SmXQE89v,1
ID_SmfsNDSn,0
ID_Sn2oKdqj,0
ID_SngKkj3c,0
ID_SoUvjOsG,1
ID_SpW6SZ7q,1
ID_SqB0EMJz,1
ID_SqTUNh7u,1
ID_Srsf2olI,0
ID_SrvTTdNp,1
ID_SsLd03gA,0
ID_StV9GouI,0
ID_StdFnPDH,1
ID_Sv5avHOK,1
ID_SwHhkAsr,1
ID_SwcupzNW,0
ID_Sx3Jf3V7,0
ID_SxDfykUE,1
ID_SxTPg7e9,0
ID_SyayCI99,1
ID_SygVoxfa,1
ID_SyjIv1w3,1
ID_SypHvJRN,1
ID_SzVJSS77,0
ID_T1LcetY0,1
ID_T1ThaGXK,1
ID_T2A79ypL,1
ID_T364UHiG,1
ID_T3gMytIe,0
ID_T3mHqV1Z,0
ID_T5KpcSLb,0
ID_T5MB7fvs,1
ID_T5VywPAZ,1
ID_T6plfedb,1
ID_T779XXzj,0
ID_T7MSeA8G,0
ID_T7bDkRZd,0
ID_T7zPKw8e,0
ID_T88mPl8w,1
ID_T8M8qKUR,0
ID_T91m5eWc,0
ID_T9o1ukNq,0
ID_TA6ksLUI,1
ID_TAD0Ccpb,0
ID_TAHTWbV9,0
ID_TAI8dpaE,0
ID_TAVVuXge,0
ID_TAr6Xajc,1
ID_TAuXgj0b,0
ID_TBWDGhV9,0
ID_TCVVfZ8h,0
ID_TCYrq8gw,0
ID_TEWHgI2R,1
ID_TFIHUGm3,1
ID_TFc9vgAr,1
ID_TGABqG5P,1
ID_THCC929e,1
ID_THS5QUaR,1
ID_TI9HvdL6,1
ID_TI9xZkJq,0
ID_TInpCkcX,0
ID_TIugpE9b,0
ID_TJ9i7JZS,0
ID_TJJ01Ory,1
ID_TKgo46bZ,0
ID_TLPgeCH8,0
ID_TLRs0Rje,1
ID_TLdGx7n9,1
ID_TMK9YhD6,1
ID_TNrCe9WC,0
ID_TOfr8BsF,0
ID_TPEt4qrd,0
ID_TPoCMwY6,1
ID_TR98p4n7,0
ID_TRAo2wo3,1
ID_TRjc6KJQ,1
ID_TSHOIg3W,0
ID_TT9AlBQS,0
ID_TThELetl,0
ID_TVIPjm3p,1
ID_TVKsr1S8,1
ID_TWl1n6mJ,0
ID_TX9tz3Kq,0
ID_TY7NmwJz,0
ID_TYHNdiQd,1
ID_TZ2HGw9h,1
ID_TZIemhfB,0
ID_TZYyiHMF,0
ID_TaA8zmaV,1
ID_TaNKwDBQ,0
ID_TaNQ4Mee,0
ID_TaXeofsS,1
ID_TasfVY0M,1
ID_TbSe2hGP,0
ID_TcKbz61a,0
ID_Td4hDSoR,1
ID_TdFIajZE,0
ID_TdcwBA0O,1
ID_Tdo9EDOX,0
ID_TdoTGCfg,0
ID_TdtNwzUN,0
ID_TfAb6Bc7,1
ID_TfsEeZqa,1
ID_TftKp39t,0
ID_Tg2ZQFBU,0
ID_TgyTkzfR,1
ID_Ti6RSurQ,0
ID_Tih4cGU3,1
ID_TjMqTn0a,1
ID_TjYTWTB1,0
ID_Tjz0zMeg,0
ID_TkQ0Pezt,0
ID_Tl08eFo6,1
ID_TloT3cig,1
ID_TmEvreoi,1
ID_Tmzyv586,0
ID_Tna3QKES,1
ID_TneFYeB5,0
ID_TokX6IWg,1
ID_ToqxECIH,0
ID_TqxXPlPT,0
ID_TrzIeS3N,0
ID_Ts5Lsbaj,0
ID_TsCp4jY9,1
ID_TswF2fjs,0
ID_TtlJawhe,0
ID_TtnGpmFr,0
ID_TuTV8069,0
ID_TuqT2y5Y,1
ID_TvHb1Tg0,1
ID_TvV98IIP,1
ID_TxibbIQt,1
ID_TxjUB6gL,0
ID_TyBnmTF1,1
ID_TzHmvOmW,1
ID_U0t6GJEb,0
ID_U1mIKXJu,0
ID_U1t0Xqan,0
ID_U2wewegq,0
ID_U3EixjPm,1
ID_U3fmKBFq,1
ID_U3lm4pgr,0
ID_U43M7yjb,1
ID_U4UmMVM2,1
ID_U6ODeMXn,1
ID_U7b2f2q9,1
ID_U7cMcQN9,0
ID_U80a2fel,0
ID_U885EBkb,0
ID_U88ixWhL,0
ID_U9k8oFDY,1
ID_UAxkZKPQ,1
ID_UBV4RVB4,1
ID_UBaaCjRC,1
ID_UBv6kmON,0
ID_UCLXaF6Y,0
ID_UCh8EExb,1
ID_UCziEB8f,0
ID_UDNreQK0,1
ID_UEAsiKO6,1
ID_UEiboq6T,0
ID_UEyLJPeE,0
ID_UFt2x3uo,1
ID_UG08t6x4,1
ID_UGLwBy1G,1
ID_UHJJ0U0u,1
ID_UIhHCFzy,1
ID_UIhuJUVz,1
ID_UJFw56fo,0
ID_UJPpzLVl,0
ID_UJWUXRpm,0
ID_UJxnHywk,1
ID_UK20qfDv,0
ID_ULV6C5Ao,1
ID_UM2jDok8,1
ID_UMAbHhii,1
ID_UNHx5a3Z,0
ID_UNqrHFoq,0
ID_UO5Eqlxq,0
ID_UOCxZLO6,1
ID_UOzcZYv1,1
ID_UPE1DDto,1
ID_UPduy5fd,1
ID_UPyjHfg6,1
ID_UQ2rbRJk,0
ID_UQMy9W68,0
ID_UR3uF2yI,1
ID_URKEyqM8,0
ID_URuK6ZV2,0
ID_USZHqd7U,1
ID_UShsnshV,0
ID_USpe6JDD,1
ID_UT2OCpLg,1
ID_UT4t8r8N,1
ID_UTEwpJGk,1
ID_UUZlv04Z,0
ID_UUrkUKSJ,0
ID_UVPAFHIj,1
ID_UVRufzzA,0
ID_UVURfkDT,1
ID_UVVGaku8,0
ID_UVbsprgp,0
ID_UW0BiVWA,0
ID_UXam5zN4,0
ID_UZocf9Ga,0
ID_UantgaIR,0
ID_UcEZtFc8,1
ID_UcrAtBs9,0
ID_Ud8C51Ne,0
ID_UdkZdUGI,0
ID_UeMEVl4w,1
ID_UebCpsFo,0
ID_UejYvk0W,0
ID_UfcF6oG4,0
ID_UgIMvWmf,0
ID_UgIcSoMH,1
ID_UgQYyfJG,1
ID_UgZKDUai,0
ID_UhEOmS96,0
ID_UhN38pFR,0
ID_UhXjUwuE,1
ID_Uhq4HGGj,0
ID_UiCIruSA,1
ID_UiRqNtN2,0
ID_Uic2wjxJ,1
ID_UimigjbD,0
ID_Uj3zxlsA,0
ID_UkRqnJth,0
ID_UlEmUIR9,0
ID_UlSJ24oO,1
ID_Uli1zOjh,1
ID_UljQWSCw,0
ID_UlrQ496f,1
ID_UlyChGPq,0
ID_UmMihpdB,1
ID_Uma9fceQ,0
ID_Umq3qih3,1
ID_UnQ1XiGS,1
ID_UoFBISeu,1
ID_UoOu6Sqt,1
ID_Uq5yGj9T,0
ID_UqfsWBfO,0
ID_Ur2GKjok,1
ID_UrRpGiap,0
ID_UsqMX0wm,1
ID_UsqY6PTB,0
ID_UtisVkEG,0
ID_Uu0DbjGt,1
ID_Uu1ktiPa,1
ID_Uu6Y4GtH,1
ID_UuHipu5H,0
ID_UuIfgOn1,0
ID_UuUjSXqj,1
ID_UukEpk6H,0
ID_UutzPJIU,0
ID_UwDarhVv,1
ID_UwQP7q21,1
ID_UxvQkvMK,0
ID_V0e9adOC,0
ID_V0pr9mea,1
ID_V16dNiw0,0
ID_V1ugu2mZ,0
ID_V2SzqOqs,1
ID_V2nympaO,0
ID_V2oSqgUd,0
ID_V3SCqOi7,1
ID_V3owDAsL,0
ID_V4M9hTHR,0
ID_V4yVcgYT,0
ID_V5RgizVy,0
ID_V5z9BtFf,0
ID_V6yq7ZB5,1
ID_V7JCPyUm,0
ID_V8dMvP5z,1
ID_V9Bn8WcG,0
ID_V9L6iXOW,0
ID_VAbJJovp,0
ID_VAuoAvXR,0
ID_VBghfUAA,1
ID_VCJUZcsj,1
ID_VCzHN6da,1
ID_VD2cyMQh,0
ID_VDwQQnhM,0
ID_VEN2RyxN,0
ID_VEpTzNL0,0
ID_VGt52GMa,0
ID_VGt9t9YR,1
ID_VHDtgtLZ,1
ID_VHl6wHcG,1
ID_VIbYbprc,0
ID_VJlIqhkI,1
ID_VJodLX5u,1
ID_VJrBdmdW,1
ID_VK5MNKsd,0
ID_VKG5gKeZ,0
ID_VL4738G0,0
ID_VLvJfPKT,0
ID_VMWYRzLH,0
ID_VMbn6GB6,1
ID_VMkhngWo,0
ID_VN0Xr44J,1
ID_VNAj2x1k,1
ID_VQV9eX1Y,1
ID_VR8CgqfF,0
ID_VSF7qEoo,1
ID_VSV0oSgA,0
ID_VTSR5rqT,1
ID_VTUG5iQH,1
ID_VTXbB08x,0
ID_VTaE5CHe,1
ID_VTglXpXq,1
ID_VTofGkkd,0
ID_VU4qmKRU,0
ID_VUd6GqII,0
ID_VW0tUdBp,0
ID_VW5M1J08,0
ID_VWTy28ZB,1
ID_VXkd67rQ,1
ID_VXtmuVPz,1
ID_VYKUjYbx,1
ID_VYZfXOvV,0
ID_VZbKUTJK,0
ID_VbDTYnyI,1
ID_Vc7JwPc6,1
ID_VcSeJ2XV,1
ID_Vcv4OS89,0
ID_VdA1qcOy,1
ID_VdE9r5FG,0
ID_VdLvqAjS,1
ID_VeEJ6yP8,0
ID_VeHE87Ae,0
ID_VeSauGBC,0
ID_VgfiHrqO,1
ID_VhbdQfga,1
ID_VhhFWZ3O,1
ID_Vhy41MRG,0
ID_ViMawZhd,0
ID_VilfZLNi,0
ID_VkikVrNH,1
ID_VlfRQp8c,0
ID_VmFRNzcL,1
ID_VmUzNwZ1,1
ID_VoCyO7fl,1
ID_Vqmgyo6H,1
ID_VquCSBUc,0
ID_VquXL0ps,0
ID_Vr1PuM5V,0
ID_VrXoBdDW,1
ID_VsKfd44K,1
ID_VsdxqbhX,0
ID_VuVLzwg9,1
ID_VueDS2re,1
ID_VuwUgg3M,0
ID_Vwqpcs1v,1
ID_VxUriLal,1
ID_VxmQ5c2c,0
ID_VxvZMLW0,1
ID_Vxx32Yq7,1
ID_Vy2ONUvW,0
ID_Vytny9kf,1
ID_VzSfLsE2,0
ID_W04rLiHG,1
ID_W0kKFTGj,0
ID_W0qKLrrH,1
ID_W1RRwbq8,1
ID_W1wL8CZs,0
ID_W2igMOgB,0
ID_W38KH0Xj,1
ID_W3EObzDU,1
ID_W47COcBK,1
ID_W61p3aAQ,1
ID_W62VsOkg,1
ID_W6K8kfMo,0
ID_W7BkjZne,0
ID_W80CcU3j,1
ID_W84MpA6Q,0
ID_W8WLYpIU,1
ID_W8evrRsu,1
ID_W90wR6P9,0
ID_W9HlOSHz,1
ID_W9OA0TeP,1
ID_WAJm6Ies,0
ID_WAfI7b5w,0
ID_WAgC1c3j,1
ID_WDSWneJb,1
ID_WEmNG8SK,1
ID_WF9WfiAh,1
ID_WFpzOHGv,0
ID_WG1hOavu,0
ID_WGh0Q91D,0
ID_WHF9Ncg5,1
ID_WIdHcEqo,1
ID_WKZzRtaq,1
ID_WLZ57Q5J,1
ID_WLxsovWD,1
ID_WMCBx45w,0
ID_WMFgvrii,0
ID_WMsdxzef,1
ID_WOQPbfpM,1
ID_WOZsQ7xr,0
ID_WP6DauPe,0
ID_WPAFIcPF,1
ID_WPUbhiC3,0
ID_WPlKAvzs,1
ID_WRC2Z8k2,0
ID_WRyrW0rA,1
ID_WSKll9Oc,0
ID_WSQFYL8V,0
ID_WSQuEijx,0
ID_WShXvhAu,0
ID_WTYUVIvv,1
ID_WTgw28hP,0
ID_WU5H1TQm,0
ID_WUAjDgka,0
ID_WUirJE51,1
ID_WVPNaTfS,0
ID_WW4PyO83,0
ID_WWDyr3k9,0
ID_WXFbdr9Q,0
ID_WXM1w2N4,1
ID_WXu5rq7W,1
ID_WXv4w3Ec,1
ID_WY5eCW35,0
ID_WY5oPzPF,1
ID_WYNPf9N3,1
ID_WYV3kK1w,0
ID_WYcDUmbn,0
ID_WaI42qgT,1
ID_WaJqR46b,1
ID_WaNVNidL,0
ID_WahYduyq,1
ID_WcFbeKvy,1
ID_WcPf7g9l,0
ID_Wcd3H17J,0
ID_WdgzTUjj,1
ID_We3nbkJF,0
ID_WeDsTAmc,1
ID_WeJZiUZP,1
ID_WeX13qq0,0
ID_WfNtWMYu,0
ID_Wg2IXyDH,0
ID_WgQZg0U1,1
ID_Wh5LP6jG,0
ID_Wj35HXXb,0
ID_WjJXiC0A,0
ID_WjtQWBun,1
ID_Wk6WrAN6,1
ID_WlawhVn4,1
ID_WmWhzyj2,1
ID_WmtH2IFI,0
ID_WnSi4s93,0
ID_WnjtXQU6,0
ID_WnuCLMlE,1
ID_WoMUhg4L,1
ID_WouevQX8,1
ID_WpbDxDG3,0
ID_WpeZasRp,0
ID_Wqm52LKZ,1
ID_WqugAVyo,1
ID_Ws0fO7es,0
ID_WtkMQ5gv,0
ID_Wu91Taya,1
ID_Wvk2qbZx,1
ID_Ww58swBA,0
ID_WxRiIgzh,0
ID_WzBkNAeL,1
ID_WzU9g0yq,0
ID_WzixQRAU,0
ID_WzwzhSjF,0
ID_X04eCsw7,1
ID_X0XktonV,1
ID_X1VlVfJu,0
ID_X2dE0Leb,1
ID_X3RQFflO,1
ID_X3fN3V2Y,0
ID_X3fvQpHL,0
ID_X3sqAPQW,0
ID_X3vVR1wP,1
ID_X3xHUZnS,0
ID_X4GS2Opl,0
ID_X4L5SYqi,1
ID_X4OG3inn,1
ID_X4tHMuNz,0
ID_X5TQLwnV,0
ID_X5V8fJrj,0
ID_X5vhVA7B,1
ID_X87R46zO,0
ID_X8NG3c44,0
ID_X9x40lQw,1
ID_XA070NLW,1
ID_XAULQNLO,1
ID_XAdQTyy8,1
ID_XBllrDnj,1
ID_XCF7RmaU,0
ID_XDAl3Jcl,0
ID_XDFmOeyy,1
ID_XDODYPOx,0
ID_XFQscSzR,0
ID_XG2SHE7X,1
ID_XGQ0EV7o,0
ID_XGZFG7UX,0
ID_XGbD46UL,0
ID_XGuqBx3b,1
ID_XGywynbS,1
ID_XHAhsHyO,1
ID_XIEOTv4s,0
ID_XIzVsPBp,1
ID_XJS6pQmm,1
ID_XJTgNu4o,0
ID_XJWkWOl4,1
ID_XK4uOQbY,0
ID_XLFphudR,1
ID_XLUTPEj7,1
ID_XLtbRdXE,1
ID_XM4JxJPq,1
ID_XMJ1BcDD,1
ID_XMSkjnUL,0
ID_XMY1SKO9,0
ID_XMgS33uQ,1
ID_XN6eFUY3,0
ID_XOxJSyDt,1
ID_XP3kMMcY,0
ID_XPaDOpJp,1
ID_XPvZoOKa,1
ID_XQcgmAu3,0
ID_XQdkBdKW,1
ID_XQinaFkG,1
ID_XQy74qfd,1
ID_XS8RBGpO,1
ID_XSfPvzl8,1
ID_XSzKThbx,1
ID_XUTrzOif,0
ID_XUlEGKJ5,0
ID_XVM2aVb1,1
ID_XVX2aaHP,1
ID_XX0XWP6C,1
ID_XX8i3mgi,0
ID_XXOqLDvE,1
ID_XY8AW3c2,1
ID_XYhIFFSv,1
ID_XZ4Fe69H,0
ID_XZFZVQgd,0
ID_XZLwe4l2,1
ID_XZgvXoJl,0
ID_XaWvRM9V,1
ID_Xai0USOL,0
ID_XbLstOn6,0
ID_XbTnPfcW,0
ID_XbhlhhqS,1
ID_XcJA43Xa,1
ID_XcciZ2LB,1
ID_XcnWVSRm,0
ID_Xf2Au58K,0
ID_Xfdb6Lob,1
ID_XfjOSsKv,0
ID_Xg78foWK,0
ID_Xhwksnu7,0
ID_Xi8Zn2HI,0
ID_Xk1YzQZu,1
ID_XkD3XJxw,0
ID_XkOz0VJn,1
ID_XllEbAT5,1
ID_Xm7P6FNj,1
ID_Xm9A6xLh,0
ID_Xn2lcc1E,0
ID_XnpG629T,0
ID_XnykmIHL,1
ID_Xo1ClmbH,1
ID_Xo7NLiwE,0
ID_Xp5xPeQg,0
ID_Xq5XqPUI,0
ID_Xqp2K6FP,0
ID_XrNNeQuO,1
ID_XrtGzewb,1
ID_XrvSHWlM,1
ID_XsLrn7Jj,0
ID_Xu8bpTxQ,0
ID_Xvoperqk,1
ID_XvsdXEtW,0
ID_Xvsv8Abw,1
ID_Xx0oZdWf,0
ID_XxExVTXV,1
ID_XxYLt928,0
ID_XxcmDwHL,0
ID_XxxntjJx,1
ID_XzVt8MyV,1
ID_XzbbxWHh,1
ID_Y1JbKKfc,0
ID_Y1NPGSyU,1
ID_Y2kmWSTF,0
ID_Y3EhYLx7,1
ID_Y3hy0YEf,0
ID_Y63x7AVI,1
ID_Y6HrQyG8,0
ID_Y76OBKbi,0
ID_Y7rL0OhT,1
ID_Y9LF1hNY,0
ID_Y9n6NiYZ,1
ID_YAaxtjU9,1
ID_YAnxmlOR,0
ID_YAo4fqt0,0
ID_YB4Xpdly,0
ID_YBYfAYAV,0
ID_YBZ0W5M2,0
ID_YCAyReel,1
ID_YD0FUQvS,1
ID_YDoVStUz,0
ID_YFccCHjl,0
ID_YHIU0tFk,1
ID_YIABi0Sq,0
ID_YIEjJnG0,1
ID_YIFez89J,1
ID_YIoj42g4,1
ID_YJrPgMJk,0
ID_YK3xOWVU,0
ID_YKfRIXpP,0
ID_YKkN984l,1
ID_YM9jtMjM,0
ID_YMovTI7v,0
ID_YMqDYhZg,0
ID_YOCXlhNQ,0
ID_YPpl06th,0
ID_YQp3ZRcP,0
ID_YR2NWekp,1
ID_YSRUDJRY,0
ID_YSiXMNj8,1
ID_YTR7rEPW,1
ID_YUBATwYe,1
ID_YUYMV28W,1
ID_YVIbPoD6,0
ID_YVtfUA6l,0
ID_YVyIFwI7,0
ID_YX070Muz,0
ID_YXsQrgba,1
ID_Ya1ZKJ5P,0
ID_YaXYfpIg,1
ID_YcLJjHTE,1
ID_YdWLp61x,0
ID_YdviV9U3,1
ID_YeMEt1YD,1
ID_YeNbCs08,0
ID_YgB9YnDo,0
ID_YgLAk5i0,1
ID_YgRszils,1
ID_YgcJDVr7,0
ID_Yhj2UztZ,1
ID_YiCARjea,1
ID_YiMn590m,1
ID_YkOkbc6w,0
ID_YkclSOIe,0
ID_Yl3kH0dz,1
ID_YlLjgHyS,0
ID_Ylc7EuJp,0
ID_Ylm97awO,1
ID_Ym5Swr6N,0
ID_YmMNzXcr,1
ID_YmqXe0dw,1
ID_YoMmwomp,0
ID_YpWAaDEH,1
ID_YpkY0jlT,1
ID_Yr2yhZcB,1
ID_Ys47xg3Z,1
ID_Ys9PMm0v,0
ID_YsXa2krm,1
ID_YthpEM8V,1
ID_Yumh2xAN,1
ID_YwTrqh4q,1
ID_YwhtkKwc,1
ID_YxALPKfs,0
ID_Yxj9tR67,0
ID_YxoAnhjd,0
ID_YxrETJlE,1
ID_YywUQG4h,1
ID_YzQi1E4h,1
ID_Yzmb5Dfq,0
ID_Z0s1Ds8i,0
ID_Z0zEFJGB,1
ID_Z1Yroqb3,0
ID_Z2s3RW2X,0
ID_Z5JdXUFX,1
ID_Z5NG8hO4,1
ID_Z6nqUHnP,0
ID_Z6sGCj6G,1
ID_Z7Hhj3CQ,0
ID_Z7jPqfzB,1
ID_Z7lAHSRQ,0
ID_Z7mAaw5D,1
ID_Z8DXGF4c,0
ID_Z8VSm4cz,0
ID_Z8wEzxqR,1
ID_Z9EGvlF5,1
ID_Z9V3Wi14,0
ID_ZAK5aaSi,1
ID_ZB7Zxd2u,1
ID_ZCNY383v,0
ID_ZCTx3Y5a,0
ID_ZCqFdXgX,0
ID_ZDD2UE9B,1
ID_ZDpRkUa3,1
ID_ZFHLUY5w,1
ID_ZFfX4oP5,1
ID_ZG9Wushp,1
ID_ZGhLAAsT,0
ID_ZGlwKrK5,1
ID_ZIkZyXMP,0
ID_ZJKFeJJP,0
ID_ZJok2ZvP,0
ID_ZK3vNMVO,1
ID_ZKJzH95E,0
ID_ZKkdkZpl,1
ID_ZLbe8yEo,1
ID_ZLoVQ7TQ,1
ID_ZMQoCQzz,1
ID_ZMcvijd8,0
ID_ZMog7NrG,0
ID_ZMyFNe6N,1
ID_ZOPp8vno,0
ID_ZOYqRypx,1
ID_ZPTPAFhy,1
ID_ZQ15jErQ,1
ID_ZQdHzi3D,0
ID_ZQoI31KO,0
ID_ZQtm5GGC,0
ID_ZQwzltiR,1
ID_ZR14vtwC,1
ID_ZR7OykXa,0
ID_ZR81i5E8,1
ID_ZRDKb9vG,0
ID_ZRI437OJ,0
ID_ZRLlHZIt,1
ID_ZSG4KrKs,0
ID_ZSJmflEX,1
ID_ZT0us2f1,0
ID_ZTS2vuRC,1
ID_ZTViKcmu,1
ID_ZTd7TV1N,0
ID_ZTsTIkQP,0
ID_ZU13vfvj,0
ID_ZU4wmauW,0
ID_ZUZGc6Tr,1
ID_ZV1ICBKA,0
ID_ZWEjqIny,1
ID_ZWGq7A9e,0
ID_ZWkd7wOv,1
ID_ZWyvsC0u,0
ID_ZXrs3QvS,0
ID_ZZjMw7FA,0
ID_Za1zpAcr,0
ID_ZarrI5Dm,1
ID_ZbjpNg1z,0
ID_Zbk8NuCC,1
ID_ZclDmQfH,0
ID_Zd337e2j,0
ID_ZdilEuVe,1
ID_Ze0LpZhm,0
ID_ZevtbBtx,1
ID_ZfZYELTg,0
ID_ZfgCaMlt,1
ID_ZfnNnLFr,1
ID_ZgKTwnfR,1
ID_Zgv1qlDd,1
ID_ZiIHM3bi,1
ID_ZiL1CX7c,1
ID_ZiRC2MSD,1
ID_ZiycacgH,0
ID_ZkCGRijH,0
ID_ZkbDtthS,1
ID_Zkz72mux,1
ID_ZloqPpzZ,1
ID_ZmPyHkVz,0
ID_Zmd07zO0,1
ID_ZowiBY1h,1
ID_ZpFX6rJB,0
ID_ZpZFnGHI,1
ID_ZprZYytY,1
ID_ZqvsU8jJ,1
ID_Zr09FckF,0
ID_ZrQvy9DZ,0
ID_Zt8tV1bD,0
ID_ZtMTDibn,1
ID_Zv4Q6qRz,0
ID_ZvXkjsie,1
ID_Zve6thJI,0
ID_Zw4beTGw,0
ID_ZwAc05ax,1
ID_ZwB6rvke,0
ID_ZwRNfPRR,1
ID_ZwmPZllR,0
ID_Zww98ref,1
ID_ZxDDut4s,0
ID_ZxYy5vC2,1
ID_ZyHBkuh3,1
ID_ZyPyS6IG,1
ID_a0mtmYie,1
ID_a117M9um,1
ID_a119Hhik,1
ID_a1VA8Kd6,1
ID_a2QWzN0f,1
ID_a3mdVmPF,0
ID_a46KbfiY,1
ID_a4HuV0HL,0
ID_a4cXVLw7,1
ID_a57r23PO,0
ID_a5QG8kTK,1
ID_a5VRhOJc,0
ID_a6HymJsY,0
ID_a6J8RJNQ,0
ID_a6Xbnrfd,1
ID_a6gF0CYI,0
ID_a7CmWhWq,0
ID_a7tICAYc,1
ID_a8thu2cw,1
ID_a91SvZ0A,1
ID_aAgRW9OP,1
ID_aB3S75ZM,1
ID_aBCWMRpC,1
ID_aBje08da,1
ID_aCWAk9wf,1
ID_aCcPYciX,0
ID_aCf6hvwA,1
ID_aDCpuEM5,1
ID_aF2gZ9DY,1
ID_aFMNpAPT,1
ID_aFmNElor,1
ID_aFqnS2cY,0
ID_aFvIeQah,1
ID_aGehG2He,1
ID_aHWoq7sO,0
ID_aHhPwjdN,1
ID_aI7OejI3,0
ID_aI8Rv4Iv,0
ID_aIO2ZkOC,1
ID_aIaiGjqv,0
ID_aIqwJ7qy,0
ID_aJ6G4NjB,1
ID_aJHs7VCQ,1
ID_aJIIZq1Z,0
ID_aJw5AEhd,1
ID_aKIuMzET,0
ID_aKNR143U,0
ID_aKYSe3vh,0
ID_aKp3eq2X,1
ID_aKx4sHmN,0
ID_aL7dsIDF,0
ID_aM9ZqaSy,0
ID_aNeRK8U9,0
ID_aO6FRf9m,1
ID_aOMOpOxX,1
ID_aObiqCcr,1
ID_aOvRkiDv,1
ID_aP3CbXe8,1
ID_aPMWHMWw,1
ID_aPwqxBJM,0
ID_aQPbRzvj,1
ID_aQZOwJX7,1
ID_aRMWd45C,0
ID_aRqwwUPS,0
ID_aSRu4i1S,1
ID_aScklfPW,1
ID_aSwm6vFE,0
ID_aT467TpK,0
ID_aTS2qari,1
ID_aU8VbEWT,0
ID_aUkUBiP7,0
ID_aUmrFrV9,0
ID_aV0xLFBq,1
ID_aVJN3EFi,0
ID_aVYXPZN3,1
ID_aWCtrLfD,1
ID_aXHhf26o,0
ID_aXWpxc2P,1
ID_aXjZzsjK,1
ID_aXmShHYI,1
ID_aZ2PY4kA,0
ID_aZSmEIJn,1
ID_aZbIY95r,1
ID_aZyTH85u,1
ID_aaWupKUP,1
ID_ab8xeSzt,1
ID_abiWz7m4,0
ID_abuX7fho,1
ID_abxAAB2S,1
ID_acLd7wRG,0
ID_acVYMltu,1
ID_accwQ0Vw,0
ID_adOfegii,0
ID_adaPlhnj,1
ID_adnEf8qH,0
ID_aelJsTrd,0
ID_afhUEcvE,1
ID_ag1vYEGw,1
ID_aiLOLpDV,0
ID_aiMGij3c,1
ID_aiNxUBIX,0
ID_aitOOKUC,0
ID_aj2puvDP,1
ID_ak06sx9s,1
ID_akMv1JQc,1
ID_akStYsZt,1
ID_aluinG2r,1
ID_am7WADqF,1
ID_amQTEheJ,1
ID_amWmZFAu,1
ID_amchXb5R,1
ID_amwGfdMa,0
ID_angZUx5m,0
ID_aoOdYBeq,0
ID_aoU57MyY,1
ID_ap4tpCTy,0
ID_ap9GgESz,0
ID_apzPzX83,1
ID_aqCw5L7I,1
ID_arGJdxqN,0
ID_arWGKHd9,1
ID_asOvWazn,0
ID_asY7DKuY,0
ID_asfgHCvk,0
ID_atg2oFs7,0
ID_auSgqUJA,1
ID_avkXqSsQ,1
ID_awB98J6e,1
ID_axkZalcI,0
ID_axzaxjNa,0
ID_ay7A3NwV,0
ID_ayOcct4J,1
ID_b009GKT4,1
ID_b0eNjAnU,1
ID_b23HL5wA,0
ID_b2cfjLXd,0
ID_b4Fiv3xQ,0
ID_b5zepz0N,1
ID_b6R7ccAs,1
ID_b6eZzx3P,0
ID_b74GRqMZ,0
ID_b74eJxrW,0
ID_b768A0Gt,1
ID_b7R0oECd,1
ID_b7dn6RK2,1
ID_b7gZYGoL,0
ID_b8fKJYLP,0
ID_b8wxxxoF,0
ID_b97YX9Rp,0
ID_b9dGL55n,0
ID_bAJpBE4p,1
ID_bAtrsm11,1
ID_bBWsLfjl,0
ID_bDGE1hEm,1
ID_bDWyOqF0,1
ID_bDeujelS,0
ID_bE0hO9ul,0
ID_bE1Zcztm,0
ID_bEbt9ORv,1
ID_bEfdFJJX,0
ID_bFsmZLaI,0
ID_bGHyV4hc,1
ID_bGid2VMk,1
ID_bGrwGtWj,0
ID_bGyjopiJ,1
ID_bGywX3ka,1
ID_bHnc4nrE,0
ID_bIkgKdLy,0
ID_bKPS2vOV,1
ID_bKW1Ubcx,1
ID_bKbmULqU,0
ID_bLWB3qw5,1
ID_bLaipNFn,1
ID_bLnJB0Ar,1
ID_bNanR3xj,1
ID_bNzpqT2U,1
ID_bOjYCJUG,1
ID_bPI1HUsc,1
ID_bPtbccjK,1
ID_bQDV7jqe,0
ID_bQYPDpTv,0
ID_bR4uu8uL,1
ID_bRo7sbd8,1
ID_bTJhuvsu,1
ID_bUIap2rE,0
ID_bURzOH5h,1
ID_bUUGzJ2Q,1
ID_bUZ4c66I,0
ID_bUfvUFJm,1
ID_bUzb15xF,0
ID_bWLvvdQn,1
ID_bWRqIT8X,0
ID_bXG62988,0
ID_bXUCcQp7,0
ID_bYSkY8Ys,1
ID_bYdodTqX,1
ID_bYskpe9T,0
ID_bZ8uT738,1
ID_bZFqaTFk,1
ID_bZeruEjU,0
ID_ba5OpQGl,0
ID_baAa5iwR,0
ID_baFNg0fV,1
ID_baNpDxsm,0
ID_bbJGRIe4,1
ID_bbuJl6he,1
ID_bc6QkY9Y,0
ID_bc91EeKn,1
ID_bcHZynzr,1
ID_bcNAdOPk,0
ID_bcnn2t36,1
ID_bdOX31Wk,0
ID_be7GRBDa,0
ID_beJr9UTW,0
ID_begFTaZI,1
ID_bg6Tixie,1
ID_bgEqBvvp,0
ID_bgxmutf2,1
ID_bhObnDcE,0
ID_bi8oZELR,0
ID_biSq4aGb,0
ID_biuThnEz,1
ID_bjBaYZDe,1
ID_bjKDqAyV,1
ID_bjPbaLYV,1
ID_bjYMaoQ2,0
ID_bkHV62n7,0
ID_bkxjgQfC,1
ID_bl00nhbF,0
ID_bmOdmnpG,0
ID_bmsbHRZn,1
ID_bmwpVkHs,1
ID_bnJPiVB7,0
ID_bnnsg5jr,0
ID_boaEIy1z,1
ID_boaJZlNx,1
ID_bollpdBo,1
ID_bp0pSw85,0
ID_bpwUrE1V,0
ID_bqShK9RZ,1
ID_brD5OQCq,0
ID_brZZ4VXM,1
ID_brpmqrGJ,0
ID_bs7Bcs3u,0
ID_btA6jfYB,0
ID_btAGdPBG,1
ID_btN4CVqE,0
ID_btR6UaSB,1
ID_buwT8QXH,1
ID_bv7qjQIw,0
ID_bvJAS6x7,1
ID_bvJm0yxd,1
ID_bvnSwWyQ,1
ID_bvsOf8WY,0
ID_bwqpCH4E,1
ID_bxMZ3eBg,1
ID_bxd4aPzI,0
ID_byQeXoFr,1
ID_bzOc0rFx,0
ID_bzxRHFe1,0
ID_c0Er8fvv,1
ID_c0Q8pcAm,1
ID_c0qF3XIn,1
ID_c1yyJd2g,1
ID_c2peSceF,0
ID_c2qf38g3,1
ID_c3FXzxUN,1
ID_c5Qo1xhx,1
ID_c5jxdHal,1
ID_c5lsFWck,0
ID_c5xanQdo,0
ID_c65Iy57I,1
ID_c6Ngqzr9,1
ID_c6sJoq8N,1
ID_c7WIPowH,0
ID_c7uHV7S5,0
ID_c9pf33Lw,0
ID_c9subUcK,1
ID_cAELoFC5,0
ID_cAixSBgH,1
ID_cAjpDDLI,1
ID_cAkFsmOa,1
ID_cAmaJNe7,0
ID_cC62M5iC,0
ID_cCiOdkQj,1
ID_cCsCL9wc,1
ID_cCzczIsS,0
ID_cErRVYIt,1
ID_cFZnAh7z,1
ID_cFaljF2J,0
ID_cFd5VroN,0
ID_cFkdmKD9,1
ID_cJFSiIpa,0
ID_cJyAWykw,0
ID_cJzvAqaA,0
ID_cKEMCV4M,0
ID_cKRY02x5,0
ID_cL0qGuTa,0
ID_cL1SUVkz,1
ID_cLG7P8jo,0
ID_cLSXtTfE,1
ID_cLUT2XvJ,1
ID_cMBeA9Cf,0
ID_cNB2b4qZ,0
ID_cNt4a597,1
ID_cOms7pl8,0
ID_cOnpTCjM,1
ID_cPvKEd6L,0
ID_cQ8w5uIN,1
ID_cQHZT5S1,1
ID_cRV9Ig8G,1
ID_cRif2Mj6,0
ID_cSB4uqsK,1
ID_cSHyaecS,0
ID_cSckVkKC,0
ID_cSmfTVRS,0
ID_cSuEYw9D,0
ID_cUys0Lja,1
ID_cUzXE097,1
ID_cVgmNXRL,0
ID_cVln4ha0,1
ID_cW2z4HHL,1
ID_cWEoys1t,0
ID_cWLeOS49,1
ID_cXulUGeT,1
ID_cY1c0QJs,0
ID_cY6ZdZpj,0
ID_cZB8qAK6,0
ID_cZZfTRVC,0
ID_cb406Kxx,0
ID_cbSuW9SE,0
ID_cbVTdZxY,1
ID_cbaBDL9R,0
ID_cdNozHlJ,1
ID_cdTpVH0s,0
ID_cdoz1Ik0,0
ID_cdwV6IXJ,1
ID_ce5oegdX,0
ID_ceOVbsQA,1
ID_cfW8Fd6x,1
ID_cgo8xA3w,0
ID_chbi7h9m,0
ID_ciX548EC,0
ID_cjauTwhl,0
ID_ck1WjA9b,0
ID_ckT47OBs,0
ID_cl6osNwu,0
ID_cl7Jhfim,0
ID_clr0QWBy,0
ID_cnoGmITR,0
ID_cnqzqjO0,1
ID_coExVUmT,1
ID_coQpL9nd,0
ID_cohSAgMO,1
ID_cosC00UP,0
ID_cp1eykKr,0
ID_cpCz9rcq,1
ID_cpFb5Eiy,0
ID_cpMTbyqT,1
ID_cqFLlQnN,1
ID_cqytgvbB,1
ID_crCNkmIR,1
ID_crt2Iad7,0
ID_csP2Ea5q,1
ID_csxOAaLQ,0
ID_ctt9mkzu,1
ID_cuufG86d,1
ID_cv9CoQcf,1
ID_cvT1RF3n,0
ID_cvbdUgho,1
ID_cvoKMhpC,1
ID_cwEZfWoa,0
ID_cyhnmgbY,1
ID_cz0V2t0g,1
ID_d3O7PdIM,0
ID_d3aWrNv0,1
ID_d3yL2mCr,0
ID_d4Jse2jh,0
ID_d4X5PzoN,0
ID_d5KtOw72,1
ID_d6gxMvdT,1
ID_d6piUknK,0
ID_d7uDzoUV,1
ID_d7vDi56I,0
ID_d8P1Wp40,1
ID_d8VmRLrR,1
ID_d9LEd94q,1
ID_dAdzs9wy,0
ID_dAe3utfC,1
ID_dBAVIbwq,0
ID_dBCtHANx,1
ID_dBSczVsx,1
ID_dCt62zii,1
ID_dCxUOBGb,0
ID_dE5xilXM,0
ID_dEC85a9J,0
ID_dEcvy82P,0
ID_dErj0l85,0
ID_dF66HFL9,0
ID_dFwhMppz,0
ID_dHbwZO1B,1
ID_dIfoQzkp,0
ID_dIi1JAP7,1
ID_dJj0PFnz,0
ID_dJnjkWGN,1
ID_dKuhNz9O,1
ID_dLikesU2,1
ID_dMmau2jX,1
ID_dN1v95l7,1
ID_dNW4qKea,0
ID_dNeAJluc,1
ID_dOwJgR5m,0
ID_dPCephxu,1
ID_dPlZI3uA,0
ID_dQr9RmpO,1
ID_dRDV5IgI,0
ID_dSTha0Xh,1
ID_dSgkXgMS,0
ID_dT9P3EdN,0
ID_dTyU1Fth,0
ID_dUv1EGf7,1
ID_dVJXkZMD,0
ID_dVPUwqv3,1
ID_dWfLuRU1,0
ID_dXSakSSv,0
ID_dXnH6tI8,0
ID_dYFRVYLJ,0
ID_dagwvVKz,1
ID_daj34WgZ,1
ID_dakJT9Fo,0
ID_ddnCgzIi,1
ID_ddwW6DgL,1
ID_deiTmQrW,1
ID_devlXYTC,1
ID_dezAXW6O,1
ID_dezIHSoa,1
ID_dfI5d8PH,0
ID_dgR8FiMl,0
ID_dh3nMB9t,0
ID_dhhzoVEP,1
ID_djgMFaKL,0
ID_djjg5WUX,1
ID_dkGLwL2z,0
ID_dkJ0eypu,1
ID_dkbS7OHp,0
ID_dlJbKkGo,1
ID_dly6VOSK,0
ID_dmaQxdrZ,1
ID_dnc8dRzA,0
ID_dnkaTrJY,0
ID_dnoju8Af,0
ID_do3EVJOG,1
ID_doTCByMe,1
ID_dqD10lhF,1
ID_dqOPSmWs,0
ID_dqmX048z,0
ID_dqu4FPmA,1
ID_drEhgaTW,1
ID_drtlNuZm,0
ID_ds2QNwLs,0
ID_dtbljcoK,1
ID_dtsqb5In,1
ID_duJL8TPr,0
ID_duPiQiRj,0
ID_duluQeJ3,1
ID_dvmg8Yq1,1
ID_dwCciZBq,1
ID_dwPQpFTY,0
ID_dwq5lFXT,1
ID_dx6CTKLO,0
ID_dxbcdLhV,1
ID_dxqFlni7,1
ID_dxvyF1Lz,1
ID_dz49Vk3m,1
ID_e2wtprBL,1
ID_e5FW5jEF,0
ID_e5TFUxR4,0
ID_e5dUitdL,0
ID_e6C2Qn8B,1
ID_e6rd3ld8,0
ID_e7gmuSqF,1
ID_e8IjoSie,1
ID_e8larB51,1
ID_e8uxBUXY,1
ID_e9rnU5tr,1
ID_eBn8wcQ9,1
ID_eCCwW1vt,1
ID_eCbILckE,1
ID_eEHBauzQ,1
ID_eESx1Dm0,0
ID_eEVRiPIP,1
ID_eEkildT4,0
ID_eFx5RP9W,1
ID_eGhw2Yt8,0
ID_eH440t0w,1
ID_eHXnkAHV,1
ID_eI7tdC4d,1
ID_eI8552Ot,1
ID_eIIryxVf,1
ID_eJMUE9vW,1
ID_eJqAPDim,0
ID_eJrFZQpu,1
ID_eKLw4Bff,1
ID_eM4PeKqZ,0
ID_eMFpOS1A,1
ID_eMWNQavq,1
ID_eMzvWx4r,0
ID_eN9DIvsg,1
ID_eOgjURFO,1
ID_eOsKyBfV,0
ID_eP8gsuZQ,1
ID_ePBNmjew,1
ID_ePVIeBNO,1
ID_eQ0bNAxK,1
ID_eR9OtdKc,1
ID_eRKyy5RD,1
ID_eRXRm8AM,0
ID_eTKW4cuH,1
ID_eTLOJfPk,1
ID_eUiEPIPe,1
ID_eVEc5wLD,1
ID_eVM05WIv,1
ID_eWK819Pg,1
ID_eWOXXkxE,0
ID_eWWExLdi,0
ID_eY6V95qx,0
ID_eYzap7kU,1
ID_eazpL73O,1
ID_ebfv4B3e,1
ID_ecBkj2P8,0
ID_ecUYDc5l,0
ID_eeuJ7VAK,0
ID_ef3HrR0o,1
ID_ef4BvFvO,0
ID_efINaKW2,1
ID_efJypsP9,1
ID_efSpqKaK,1
ID_efyXfMgW,1
ID_egNlhFhK,1
ID_ehNHW9zB,1
ID_eiFq7lMO,1
ID_eiVCbp85,1
ID_eieAQEyH,1
ID_eitOb1Wr,0
ID_elEvkFPI,1
ID_em0DB1Qb,1
ID_emZLp2aF,1
ID_emcMIY5G,0
ID_emklyd0P,1
ID_enMQT5iZ,1
ID_enoYwseZ,1
ID_eoDOyor5,0
ID_epdhKHRg,1
ID_epgoZtgA,1
ID_eq4W3PtT,1
ID_eqSA854L,1
ID_er88nHJo,0
ID_erCKb2GJ,1
ID_erQvjq26,1
ID_es55y4Bx,0
ID_esdks8zm,1
ID_esiTx7MQ,1
ID_et5yljIE,1
ID_etjsjGqz,1
ID_etqmzHil,1
ID_eu9yHlcK,1
ID_euVQf8oU,1
ID_ev1BUemH,1
ID_evWf76A7,1
ID_ewFSh7U1,0
ID_ews3FVrI,0
ID_exkv7CO8,0
ID_exlBmKiP,1
ID_exsVZwEw,1
ID_eyo45nQo,0
ID_ezAzDQ9t,1
ID_ezpg00Vc,1
ID_f0SpU4Xi,1
ID_f1Nfjz8u,1
ID_f1ZM4fLx,1
ID_f3R3Kh4k,0
ID_f40kJU9l,0
ID_f4K3xgtR,1
ID_f4VunLIT,1
ID_f5FOfH71,0
ID_f5Ij0CAz,0
ID_f80v4llr,1
ID_f8X6fcFK,1
ID_f9nX9ELM,0
ID_fA2o86zE,0
ID_fAuAjnO4,0
ID_fBGWmZNJ,1
ID_fBOOs3Wo,1
ID_fD0FQ5yw,1
ID_fD5bvdxW,1
ID_fDTfZ2cz,0
ID_fDhh5BeX,1
ID_fEEb0Q8L,0
ID_fEIbswDK,0
ID_fFreHJXo,0
ID_fGP6eZqE,0
ID_fGTaRyMX,0
ID_fHEgFaUb,1
ID_fHIE6Ue5,1
ID_fJHiI1oH,1
ID_fKvmEBRb,1
ID_fL0BLZKQ,1
ID_fLH6U3RO,0
ID_fLnhlLcb,0
ID_fMNNZPMk,0
ID_fMn1uUHQ,0
ID_fMtmj4mz,1
ID_fNa9uulj,1
ID_fORq6YcW,0
ID_fOVhzKk9,1
ID_fOeY8aMK,0
ID_fPLCzi8G,0
ID_fQA1bYHS,1
ID_fQPWpVjs,1
ID_fQZzL8HV,1
ID_fRBVJy1c,0
ID_fRivaZuk,1
ID_fSF4zdeM,1
ID_fSY93TDm,0
ID_fSp3H2nr,0
ID_fTDQXhCl,1
ID_fTIxQXeP,0
ID_fUwYSBoU,0
ID_fVSyptMs,1
ID_fVsdCnHg,0
ID_fVxr8K6e,0
ID_fXKXGyhv,0
ID_fXm21zHT,0
ID_fYCD5XgL,1
ID_fYHYaOKz,0
ID_fYsH9UaA,0
ID_fZKtmwMV,0
ID_fZoiK5GW,1
ID_fZrqCKCN,1
ID_faRRR8sf,1
ID_faeF0k9i,1
ID_faih4Vxv,1
ID_fb4Ag0Ic,0
ID_fbzq1gje,1
ID_fc9mBSxu,1
ID_fcpP7Mrj,0
ID_fd9w6Wmu,1
ID_fdQv90Uk,1
ID_fdRg2ARL,1
ID_fe5BihEE,1
ID_feFCmqti,0
ID_feSreUu9,1
ID_feZbpFZn,1
ID_feZuma52,0
ID_ff72HED2,1
ID_ffefLxR9,1
ID_fgaLNMC1,0
ID_fgr1SOHR,1
ID_fh9STbKQ,0
ID_fhYoYaoB,0
ID_fiMu7fzo,1
ID_fih6SIOL,0
ID_fimDzq4M,1
ID_firC3YBC,1
ID_fiwUqA6V,1
ID_fk3VC3l4,0
ID_fkVNHxFH,1
ID_flCFB0YM,0
ID_fliu45OO,0
ID_fmLWdrRH,1
ID_fmOkGvhN,1
ID_fnEw51az,1
ID_fo47WxmY,0
ID_fozt46rZ,0
ID_fp8OplEc,1
ID_fpELNAWp,0
ID_fpFtSz7H,1
ID_fptVU7Wl,1
ID_fqbtVOMf,0
ID_fr4H7eQO,1
ID_frZsh6Yp,1
ID_frarHC1r,1
ID_fsVOuJEX,0
ID_fsqfMifU,0
ID_ftbDa5KH,1
ID_fv3K5VdD,0
ID_fvKSNtUR,0
ID_fwMjKCyh,0
ID_fwihd4oN,1
ID_fxRFQb3s,1
ID_fxXAPNOd,1
ID_fyDwsbuC,1
ID_fyuuSo2b,1
ID_fyvLiB2V,1
ID_g2bXfw3N,1
ID_g2siOWv7,0
ID_g3BQN0Ox,1
ID_g4oIUEwI,1
ID_g7PQdWiX,1
ID_g881YfFp,0
ID_g8Ojn5MJ,1
ID_g8RJtz9N,1
ID_g8hyScVy,0
ID_g8l3ClQX,1
ID_g91d0ZqD,1
ID_g9CK8jxO,0
ID_gB0g9kiQ,1
ID_gCiTHevV,1
ID_gCumN89a,1
ID_gCwE16mz,0
ID_gEkdksGz,1
ID_gEugJNne,1
ID_gF3Nkjsx,1
ID_gGEREXnd,1
ID_gGZuRLPl,0
ID_gHyE5Vvg,1
ID_gHzAZE7d,1
ID_gINoFDOi,1
ID_gJTfAdem,0
ID_gJyxmadi,1
ID_gKBxDXDm,1
ID_gKDBCOQG,1
ID_gKsexktG,1
ID_gKuxxcAk,0
ID_gMHvcGJy,1
ID_gMhWUO1T,1
ID_gN9GCS9D,1
ID_gNBN7iwF,1
ID_gPGXQ2MJ,1
ID_gPZFc04S,1
ID_gQ62RS39,1
ID_gQ7wAIoW,1
ID_gQdXbVcA,0
ID_gRse9Jlj,0
ID_gSCd298W,1
ID_gSbg77LD,1
ID_gT1ugPaY,0
ID_gTMmgYZ0,1
ID_gTfOqIOW,1
ID_gUxaEEgA,0
ID_gVZYJ7rm,0
ID_gWlgfzgp,1
ID_gWpBLNmp,1
ID_gWtwY2RN,0
ID_gX4XskmN,1
ID_gYkIltZl,0
ID_gZeT0zhe,0
ID_gZhAZWEO,1
ID_gZuEfI2e,1
ID_gZxcQRCM,0
ID_garPEkRv,1
ID_gaxeVDge,1
ID_gbABinXP,0
ID_gcD5jPb0,1
ID_gdBTtOWX,1
ID_gdTwtUyd,1
ID_geXwLP2e,1
ID_gesDwzAi,1
ID_gfUOapGo,1
ID_gfVQKp31,0
ID_gfpMWJnt,1
ID_ggGznrNq,0
ID_ggQE0zOy,1
ID_ggyTaCg9,0
ID_ghAZ5T7W,0
ID_ghWKbaQa,1
ID_ghWscNp2,1
ID_gid5sqfE,1
ID_gisz5jVP,1
ID_gjPm9flU,1
ID_glS7HSWk,1
ID_gmU95pxT,0
ID_goRGL1pe,0
ID_gobR8UCw,1
ID_gpBD7qSY,0
ID_gpli2gCm,1
ID_gqfc6QuV,0
ID_gqz8hu2e,0
ID_grHBkRsk,1
ID_grJPAmOL,1
ID_grzudd0E,1
ID_gsGU90uO,1
ID_gsNcY59B,1
ID_gsNycAn3,1
ID_gsa3S3Cb,1
ID_gt6IgzCb,1
ID_gtBKh5BI,1
ID_gtPZ2Yo4,1
ID_gu1OY6OU,1
ID_guYAk8M9,1
ID_gunY49GZ,0
ID_gut00Scq,0
ID_guyUDUOX,1
ID_gv7XWZai,1
ID_gvFsitQq,1
ID_gvYYd5QC,1
ID_gvv7vUbp,1
ID_gw7ZQgQY,1
ID_gw7zNnuL,1
ID_gwCMX2N1,0
ID_gwNvzhWx,1
ID_gx5M4ouC,1
ID_gxge0bNT,0
ID_gxvbiLJy,1
ID_gxzld5mn,1
ID_gyUlcQfe,0
ID_gzLyRw0x,0
ID_h1Gbdkt7,0
ID_h1f7Y84r,0
ID_h22DzkmI,1
ID_h2XOiroV,1
ID_h2rTfnK0,0
ID_h2wtbgvK,1
ID_h3EfuiU2,0
ID_h3PUxgno,1
ID_h3vhFnKT,1
ID_h466flBu,0
ID_h49okLdw,0
ID_h5BtdYRw,1
ID_h5Yx4V4y,1
ID_h65dpRzX,1
ID_h79JRkFU,0
ID_h7El1aj4,1
ID_h7ZhKL0L,1
ID_h7oZXO5s,0
ID_h8Eg0n55,1
ID_h8Xhxtlf,0
ID_h8uZVIMX,0
ID_h8xBBcTy,1
ID_h9ZWw3OW,0
ID_h9aCQelQ,1
ID_h9sB9yux,1
ID_hA2NPT9M,0
ID_hALcVV8V,1
ID_hANL1e6Y,0
ID_hAjMXuTH,0
ID_hBPgO4Lz,1
ID_hCrtmEJq,0
ID_hD7YdJCV,1
ID_hDVE2Mk5,1
ID_hDWeaRZ5,0
ID_hDgRlR3H,0
ID_hDyYQJF1,0
ID_hEWCOgpA,0
ID_hEWFGY3O,0
ID_hFAN0N7E,1
ID_hFGiTowp,1
ID_hFhi5Evu,0
ID_hFnUbRHd,0
ID_hGe6fgDG,0
ID_hGqeScn2,1
ID_hHjxfnKo,1
ID_hI5K2MmG,0
ID_hIvTIlVG,0
ID_hKbNzKvo,1
ID_hL8JWLwf,1
ID_hLFTnPsA,0
ID_hLFefuC9,0
ID_hLQ8w4pd,0
ID_hLquGkCK,0
ID_hM0fbTlD,1
ID_hMEI0ggx,0
ID_hMI3H4Dr,0
ID_hMgSaqRb,1
ID_hMhFU1oL,1
ID_hMvEIW4i,1
ID_hNQGFYgt,1
ID_hNRequAR,1
ID_hNo476N7,0
ID_hNwT5b9A,0
ID_hNxh3kXV,1
ID_hOpQcvYx,0
ID_hOu78IGY,1
ID_hPYMAfyQ,0
ID_hQW1Trzi,0
ID_hQcmRTB5,1
ID_hSTbvJMW,0
ID_hSePOB8z,0
ID_hSpFNNuo,1
ID_hTZdlOxX,1
ID_hTuMdwyM,1
ID_hUADMjzG,0
ID_hUcyRPhP,1
ID_hVGuvjjD,0
ID_hVlQfrmA,1
ID_hW7kVeYj,1
ID_hWcsOQWk,0
ID_hXVAOPMA,0
ID_hYKI8UyT,1
ID_hYNP5DMS,1
ID_hZ0XjFMM,0
ID_hZ8H61L2,0
ID_hZAA7A1v,0
ID_hZcD6aS5,0
ID_hZxIPXPe,0
ID_haBSbu4l,0
ID_haNWTXDJ,1
ID_haUMQCUR,0
ID_haZ7dhkN,1
ID_hdDsB3Zq,0
ID_hdzk8eag,1
ID_hel5NxyL,1
ID_hfKaygH2,1
ID_hfRqKZVl,1
ID_hfVm1Qie,0
ID_hhqpSpkT,0
ID_hhsR9X2t,1
ID_hiXpclOQ,1
ID_hilNZWo5,0
ID_hjlrrXQO,1
ID_hk55lubm,0
ID_hkTEuKVs,1
ID_hkUOwxvt,0
ID_hkW22RI5,1
ID_hksiofWU,0
ID_hmQM3sCp,1
ID_hn43QdJ0,0
ID_hnEK3nka,1
ID_hoh15xTZ,0
ID_hp5suZkl,0
ID_hpTJDAMY,1
ID_hq8K3VHR,0
ID_hra1PLK2,1
ID_hraisP1H,0
ID_hrfY88TT,1
ID_hrhiR3If,0
ID_hrj3c0Zy,0
ID_hsi9bNnC,1
ID_ht2J3F3H,0
ID_htN6pQDU,0
ID_htyMbxFT,1
ID_huzBbhff,0
ID_hvF5vYLl,1
ID_hw1GmbaD,1
ID_hwFnbhsq,1
ID_hwpb1s8z,1
ID_hwz95Aju,0
ID_hx0HEuTF,0
ID_hx5W8jZ2,0
ID_hy2FOQT5,1
ID_hzeS0ySX,0
ID_hzfp94RX,1
ID_i1AFFCjI,1
ID_i2BQbaiX,1
ID_i3fl9VBp,0
ID_i56QgVDC,0
ID_i6T1ZZsv,1
ID_i7Zm8HJJ,1
ID_i8NNyn55,1
ID_i8Y5hyOi,0
ID_i95V1iCs,0
ID_iAdV7riB,0
ID_iBQgQRTU,0
ID_iDMM70Cz,1
ID_iEX5jk7q,1
ID_iEuXfcqB,0
ID_iF8IF19m,1
ID_iFEOlj30,1
ID_iFFgss8e,0
ID_iFin7mz0,1
ID_iFtAiC1H,0
ID_iGYLbNVm,1
ID_iGzyr7fp,1
ID_iHQRyvOu,0
ID_iHU1mkxz,0
ID_iHn10HCe,1
ID_iII7I5Bx,1
ID_iIJPBnse,1
ID_iJ9fbKR2,1
ID_iJbJ1PE0,1
ID_iJmiUUuE,1
ID_iKJJXEDg,1
ID_iKhai45Q,1
ID_iMzkoA9M,0
ID_iOL57VQg,0
ID_iObWZiwv,1
ID_iPTOOjVr,1
ID_iQfMj6oZ,1
ID_iQsUgYS8,0
ID_iRC0z2ZW,0
ID_iRNjgXkR,1
ID_iT1Yjeve,0
ID_iTGMxeqI,1
ID_iTPzTe3m,0
ID_iUYAqqNh,1
ID_iVU7At1b,1
ID_iW3mdOck,0
ID_iWViCVHL,1
ID_iWgVYF5X,1
ID_iWpwXEXb,0
ID_iWsPNc7D,0
ID_iWum4zQc,0
ID_iX5lO0I2,0
ID_iXlhkPKx,1
ID_iYl4ZPiU,0
ID_iYvzhXut,1
ID_iZ8MoFc0,1
ID_iZG0Ri5r,1
ID_iaCR8Gjd,0
ID_ibLsZS4Z,0
ID_icBQAmCv,0
ID_icIkk03y,1
ID_icSS9nLx,1
ID_icmpCy5D,0
ID_id8UWKsI,0
ID_idYppMiP,1
ID_ieEDOr0u,1
ID_if4vo2in,1
ID_ifNp9jcx,1
ID_igUTld3H,0
ID_igcdopA8,1
ID_ihVQ8jxK,0
ID_ihs0xY72,1
ID_iiXhETR0,0
ID_iiuEOczj,0
ID_ikeCV57g,1
ID_ilAN4UMs,1
ID_ilGACLjM,1
ID_ilMqO9og,1
ID_ilg11EfM,0
ID_ilnLjfWs,1
ID_imGVbOlA,1
ID_imKwgUdk,0
ID_imjASEc1,0
ID_inZR11Yn,1
ID_inkKCrdP,1
ID_inlCzlFC,1
ID_io1uxfAh,1
ID_ioUwgzJb,1
ID_iozJ4tt4,0
ID_ip1DTEeH,0
ID_ip5r5RTZ,1
ID_ipYOYscE,0
ID_ipiIMDmT,0
ID_iq1ia8PK,0
ID_iq6M3Dpw,1
ID_iqGdblf3,1
ID_iqdDcez3,1
ID_iqpjiEu9,0
ID_ir4V7ELe,1
ID_irFVKY4Z,1
ID_iriwVbBL,1
ID_is1JKRPl,1
ID_isvEjo62,1
ID_itpAVX9M,0
ID_iuNHzzHk,0
ID_iuQAzI6f,0
ID_iwG3CUwn,1
ID_ixbci9KC,1
ID_iyDKPKjF,1
ID_iyYdE2dT,0
ID_iyuCxyRL,0
ID_j0RlG2Dk,1
ID_j1Yy7alB,0
ID_j1bWXgmY,0
ID_j1zZuk5j,1
ID_j2IoiJ5j,0
ID_j2P8NBLh,1
ID_j2mzJMaa,0
ID_j30qwcar,0
ID_j3YawzS0,0
ID_j4N4K3up,0
ID_j51HKTIa,1
ID_j5J2aCOl,1
ID_j5spYqfJ,1
ID_j6629SJh,1
ID_j69jo3oI,1
ID_j6MXoyoJ,1
ID_j6nrOtnc,0
ID_j6t74Kry,0
ID_j71lylnm,1
ID_j7Z8Q939,1
ID_j7zGXRPD,0
ID_j8SSRXzx,1
ID_j8s1SQ0K,0
ID_j8vi4wQ8,1
ID_j8xHoi7r,0
ID_j9OVZrUC,0
ID_j9qmGhW5,0
ID_j9rxr38b,1
ID_jADeQIxp,1
ID_jC0AhjWP,1
ID_jC9IpdaW,0
ID_jCIhi02W,1
ID_jCfoltiT,0
ID_jFWmHSbG,0
ID_jGWJt2Mn,0
ID_jHisaRx6,1
ID_jIPseKrn,1
ID_jIR34cfV,1
ID_jIXSH6ZE,0
ID_jJtuG7Af,0
ID_jJv559yx,0
ID_jJysFQF0,0
ID_jKWtQAQT,0
ID_jL26eFqF,0
ID_jLLnvCj7,1
ID_jLdjdbHC,1
ID_jM2ccGsZ,0
ID_jMgjKkSs,0
ID_jMj5H2o2,1
ID_jMlT2JYr,1
ID_jMxds8Mi,1
ID_jO5PbIch,1
ID_jOKUhscK,0
ID_jOtTOAI6,1
ID_jP2iHVD9,0
ID_jPkaXdpl,1
ID_jQYtT5j1,1
ID_jQiPEIk5,1
ID_jQlgShxA,0
ID_jSGXoSs0,1
ID_jTW9Dwmm,1
ID_jTkZ5W55,0
ID_jUGUvnKl,1
ID_jUjLuow2,1
ID_jUtmDNXR,1
ID_jUvxBOHT,0
ID_jVJRVSLC,1
ID_jVjNJqfW,1
ID_jVlbDySH,0
ID_jWGum2p7,1
ID_jWNwLUDI,1
ID_jWfQ8kRn,1
ID_jWqpPzHS,0
ID_jX2BuyCE,0
ID_jX47Dw5f,1
ID_jXcb4uJN,0
ID_jYCw2zMt,0
ID_jYgnvZcD,0
ID_jZBUrwcs,0
ID_jZfeQv8I,0
ID_jaHaNBnF,0
ID_jabcLo2f,0
ID_jbJb66S8,0
ID_jbeoDkSH,0
ID_jcFOREmi,1
ID_jdeUjPBw,0
ID_jeA2qPEq,1
ID_jeG0RBXy,0
ID_jfmeCvUn,1
ID_jg43QQlm,1
ID_jgMtPjLo,0
ID_jhdn3oGv,1
ID_jiDVK0TY,0
ID_jig9dyxu,0
ID_jj2arkt2,1
ID_jjXF5JLF,1
ID_jl11VwAY,0
ID_jl94saJE,0
ID_jlMpS6u9,1
ID_jmJMlCCS,0
ID_jmNO7yct,1
ID_jmkpKu6z,0
ID_jmrAzUgv,0
ID_jnMMpLcK,1
ID_jnWfg7Y1,0
ID_jnWsv43k,1
ID_jnZU0gZc,1
ID_jnebYaQB,0
ID_jntHRSEd,0
ID_jo8ZQKbu,0
ID_joLfMOI6,1
ID_jpLcFCpo,0
ID_jq1CRBSn,1
ID_jq1fbpUP,0
ID_jqUPNZqE,1
ID_jqdRxhPF,1
ID_jr5ZLMbu,1
ID_jrry2EOA,0
ID_jtHfHg57,1
ID_jtzzahZE,0
ID_juL1Hmam,1
ID_jv6C5p8s,1
ID_jwhpgGKq,1
ID_jwuHyTWw,1
ID_jxAFxmuL,0
ID_jxZQjIWy,0
ID_jy16CS3o,0
ID_jyD5kY0U,0
ID_jzfFuHXY,0
ID_k0BXpMyn,1
ID_k0v3NnWx,0
ID_k1JH6yPD,0
ID_k1RK9fux,0
ID_k29bCALA,0
ID_k2KXkGuM,0
ID_k2eZxPCH,1
ID_k2pVAT7x,1
ID_k3L4ZWJQ,1
ID_k4L5lY0F,1
ID_k4b6Gfma,1
ID_k4fyOEGH,0
ID_k65zQeRL,0
ID_k75mvN1C,0
ID_k76wJgbp,0
ID_k7DMDtUa,1
ID_k7ddK1uR,0
ID_k80sdh6H,1
ID_k8MqqVuX,1
ID_k8TVQzS1,0
ID_k9PbfPj3,0
ID_k9ZXC7HU,0
ID_k9nG7HfE,0
ID_kAqNjz3n,0
ID_kBjNbY0w,0
ID_kCkvqVKb,1
ID_kE0G1R07,0
ID_kEkWHuJ3,0
ID_kEnQQQRB,1
ID_kEniagBH,1
ID_kFqwZkDP,1
ID_kGPBH2PD,0
ID_kGXKd8Eq,0
ID_kIOCS4iY,1
ID_kKIdC7vs,0
ID_kKjC2QnQ,0
ID_kKrV3Z0v,1
ID_kKw3DZaG,0
ID_kLH2Jixd,0
ID_kMqHCwJu,0
ID_kNNqyZzY,0
ID_kNn2RYad,1
ID_kOfpyd7Z,0
ID_kPQ5FoX1,1
ID_kQuShbFf,0
ID_kRY0yxvE,0
ID_kRsFNiXx,0
ID_kS4AM2jW,0
ID_kSFSn7jp,0
ID_kTfXnFJL,1
ID_kTrf0xqi,1
ID_kTxEWKxN,1
ID_kUCmXXWL,1
ID_kUWNsEbL,0
ID_kV9UPYiH,0
ID_kVQCqvaZ,1
ID_kVSvib6U,0
ID_kVT37z9T,0
ID_kVXMklle,0
ID_kW9B5jxp,0
ID_kWTF1u3g,1
ID_kXTdRibo,0
ID_kXbIbApd,0
ID_kZF4JG79,1
ID_kZJAZzgB,1
ID_kZmuJo74,0
ID_kZqS3B7y,0
ID_kaF7R0Nt,1
ID_kb1tSWQR,0
ID_kbBDWoly,1
ID_kbYucUJs,0
ID_kc6k0d1a,0
ID_kc9IsHzN,1
ID_kcdIspCU,1
ID_kcpicG1Q,0
ID_kd894Lhh,1
ID_kekFn7HY,0
ID_kfGtPjfs,0
ID_kfHHpTye,1
ID_kh3qbPZ1,1
ID_khJXacKI,0
ID_khJxtAW4,1
ID_kiJGrAK6,0
ID_kjRzbq0n,1
ID_kk1O3Gvw,1
ID_kl17O1XU,0
ID_klEKtfg9,1
ID_klLTjCPn,0
ID_klWC3eSi,0
ID_klfdof48,1
ID_kmB69nsr,1
ID_kmN7LYYb,0
ID_kmgU4keI,1
ID_kmjSW7Iq,0
ID_kmzcZFRx,1
ID_kn8lRBS0,1
ID_knIgXIMS,0
ID_knxkzFds,0
ID_kogk8k66,0
ID_kqAiZsVQ,1
ID_kqX4hfur,0
ID_ksGf2k59,1
ID_ksSDSLZH,1
ID_ksuhiW8m,0
ID_ktAqR1jz,1
ID_kthAFCnA,1
ID_kvHIIqfo,1
ID_kvMch0Yk,0
ID_kxKekXPn,1
ID_ky8IRbnp,0
ID_kyHc9KIK,1
ID_kyo7tt3D,0
ID_kzH1it19,0
ID_kzYITKl9,1
ID_l05ullgE,0
ID_l1zM9MBI,1
ID_l2DShuus,1
ID_l3OJpQ5V,0
ID_l3fbGCrU,0
ID_l3kcGtyV,1
ID_l3kl2gGd,0
ID_l4uR36Zj,1
ID_l5Y6rCrZ,0
ID_l5nJPVNP,1
ID_l5zPwmO1,1
ID_l7h0dpRW,1
ID_l8ObPh26,1
ID_l8RIDX9s,0
ID_lBZJI7yu,0
ID_lCOKNsBs,1
ID_lCbaTMIo,1
ID_lDcchuyr,0
ID_lDf0pLkU,1
ID_lEtu5nxY,1
ID_lFQfE6pa,0
ID_lGToNZcX,0
ID_lGdlVump,1
ID_lGzb6eBb,1
ID_lHp8iIm5,1
ID_lI06Dx8D,0
ID_lIZSlQ9I,1
ID_lIhwI909,1
ID_lIokzEVk,1
ID_lJ016zKM,0
ID_lJNPm9Le,1
ID_lK1r0eJY,1
ID_lK3ObkA7,1
ID_lKPSuRoo,1
ID_lKxazJNP,0
ID_lLks8oFl,0
ID_lLxKKIf2,0
ID_lMRUJxGW,1
ID_lMS7auTe,0
ID_lNVTyLJV,0
ID_lNxilSgj,1
ID_lORPPyNI,0
ID_lOsXxqGR,1
ID_lPEnWuRh,1
ID_lPL1xXzX,0
ID_lPXepwAZ,0
ID_lPgfvI1T,0
ID_lQdS1RnU,0
ID_lQyTW8SH,1
ID_lREFXQiu,1
ID_lRPRV96u,1
ID_lRbd5Qug,0
ID_lSsQwphF,1
ID_lSzx5ykw,0
ID_lT1YwuYg,1
ID_lTB1jz7O,1
ID_lThoxi93,1
ID_lUahzNUz,1
ID_lVIc2Mo3,1
ID_lVJyEGda,1
ID_lWI1DGUU,1
ID_lWi5Wg8c,0
ID_lXIJLej7,1
ID_lXdbmGxv,0
ID_lYb9CJik,1
ID_lZ7rCsyL,0
ID_lZ7zpt8y,1
ID_lZATXPZb,1
ID_la9kxIKj,1
ID_laGy1rjs,0
ID_lawyqH1q,1
ID_lbIXq3q3,0
ID_lbXqmP6q,0
ID_lbtwe88r,1
ID_lcSP4AeO,1
ID_lcp2qDdV,0
ID_ldqV6Kjn,1
ID_lev3H8uW,0
ID_lf2FwSMT,1
ID_lgHaQdM7,1
ID_lgkjF18S,0
ID_lh2mSWET,1
ID_lh5T7p1e,0
ID_lhF8lXCU,1
ID_lhVHnF9a,1
ID_lhoT9ul8,1
ID_lhpatVqt,0
ID_lhsPcx24,0
ID_liMTJtIv,1
ID_liWD6lTj,0
ID_ljXVUPRS,1
ID_ljxuuxT7,1
ID_lmPno5zI,0
ID_lmeZmBk0,0
ID_ln0rOBSW,1
ID_lnDKhkne,1
ID_lnjP0FjU,0
ID_lpF3r15v,1
ID_lqAUrnem,1
ID_lqycUQ06,1
ID_lt3ZxwdI,1
ID_ltHGukBs,0
ID_lvNAgJbi,1
ID_lvfBxkhg,1
ID_lwLPPr4T,0
ID_lwx6QLV1,1
ID_lxSY7qvA,1
ID_lxsUTfDv,1
ID_lya4gdiq,0
ID_lzERWMVt,1
ID_lze5eVkS,0
ID_lzmaQGUK,0
ID_m1La6qnD,1
ID_m1RnQ5SD,0
ID_m1okDTC7,0
ID_m27DTWKa,0
ID_m2RogIVG,1
ID_m34xZLVK,0
ID_m354mBtX,1
ID_m3JTDZFj,0
ID_m416NEvL,1
ID_m46MIhai,0
ID_m4KuWEZq,0
ID_m6YUZgmJ,0
ID_m6iJN9Ru,1
ID_m6vGIdoz,0
ID_m7Gwoply,0
ID_m7iJL38v,0
ID_m8lv0y3m,0
ID_m9C7Clr2,1
ID_m9uooM9D,0
ID_mAfIjeCW,0
ID_mBJWxD2a,1
ID_mBM9m6ci,1
ID_mC2pNHGl,0
ID_mD1KB8rL,0
ID_mDWUPLEL,0
ID_mDYZ5CBD,0
ID_mDhLbcwG,1
ID_mDv1l1kc,1
ID_mGbaRJlY,1
ID_mGjJM5XD,1
ID_mH6HDvbB,0
ID_mH7RQZnk,0
ID_mHmZaR85,1
ID_mHwSbhDH,0
ID_mIJZZd5Q,1
ID_mIk4Qsk7,1
ID_mIoNr2ii,1
ID_mIptLvDT,0
ID_mJ79TvQS,1
ID_mJvLog5T,1
ID_mKOfLxDN,0
ID_mKXlKpNS,0
ID_mKutmVHk,0
ID_mM4yfAK7,1
ID_mMZaeJZY,1
ID_mMiN5Bzh,1
ID_mMwy9Ucw,1
ID_mNKGYWGU,1
ID_mNKxMmdU,0
ID_mOzYaJWZ,1
ID_mP8QZzfL,0
ID_mPE23aFN,1
ID_mQDyYzeQ,0
ID_mQdwh0aO,1
ID_mRAKAWgZ,1
ID_mRE7QxQl,1
ID_mRb0wrm7,1
ID_mRjHlrQP,1
ID_mSghUrEq,1
ID_mSz6ksxp,1
ID_mT4slhIx,1
ID_mTsfqrsO,1
ID_mUQrcMpK,1
ID_mUcdtYyV,1
ID_mW0gAPuc,1
ID_mWAAiw56,0
ID_mWQ5uY8e,0
ID_mX4XNvqL,0
ID_mXAWiHXT,1
ID_mXc79HZS,0
ID_mXcmUXYq,0
ID_mXlh5fGU,1
ID_mXmElYfW,0
ID_mYM4EbcO,1
ID_ma6DM4pP,1
ID_maEcagsn,0
ID_mdlTVha1,1
ID_mePGdb4p,1
ID_mejMH1FI,1
ID_mevzzbgI,0
ID_mfaSxRR1,1
ID_mh5zLD4G,1
ID_mhjTwSEc,0
ID_mhwsWIuz,0
ID_mi7TT4eU,0
ID_miRHRv9C,1
ID_mjsDd2pj,0
ID_mkcfSSID,0
ID_mlBJOLHj,0
ID_mlP9zHHD,0
ID_mlaZpEkM,0
ID_mlsG53pd,0
ID_mluBYaK7,1
ID_mmgrx5xB,1
ID_moIhfUx8,1
ID_moVtW0Rk,0
ID_moW9joxp,1
ID_mofZhOmD,1
ID_mowbVT5b,0
ID_mpIiGxT4,1
ID_mpyeWdSt,0
ID_mqWetokP,1
ID_mqyLTNLY,0
ID_mrLZJPJ8,1
ID_mrjVmsh1,0
ID_mtQu2AZ2,0
ID_mtpm5MgV,0
ID_muAKfxaW,0
ID_muBCvPjk,1
ID_mukYSkay,1
ID_mvAz9jRK,1
ID_mvIRrJSS,1
ID_mvQ4FBjQ,0
ID_mvm0rlfA,1
ID_mwnWzpQr,1
ID_mwzE5Rw7,1
ID_mxc14UgE,0
ID_myol0WzP,1
ID_mz29qKu1,0
ID_mzGXcajq,0
ID_mziLl2xL,1
ID_n0pdsp8n,1
ID_n1y0Sxht,1
ID_n35TkzWR,1
ID_n3joaps7,0
ID_n3lyfk46,1
ID_n5YhrrBH,0
ID_n5jkLcEo,0
ID_n5ydtghx,1
ID_n6SZ6Efv,1
ID_n6ZSpP65,1
ID_n8Tsmb6M,0
ID_n8yucz9O,1
ID_n9AQqLjj,0
ID_n9CjG7ny,1
ID_n9kSmcTc,0
ID_nBcscziv,1
ID_nDgwZPzb,1
ID_nDtn1CMe,1
ID_nDw0GPmn,1
ID_nE1hUki0,0
ID_nECSDv3a,1
ID_nEn2DaDM,1
ID_nGKqk0pw,0
ID_nIR01sZ3,1
ID_nIVbytPJ,0
ID_nJ7GtEJs,1
ID_nJsEg0qJ,1
ID_nK45CwEW,1
ID_nKOHfx0S,0
ID_nL2rljh5,1
ID_nL55qk4R,1
ID_nLYqple2,0
ID_nM84ItXG,0
ID_nMTHwBPd,0
ID_nNiD9sK2,1
ID_nOIOxyQB,0
ID_nOUMh7Bf,1
ID_nOwPIR5T,1
ID_nP4A3JVP,1
ID_nPp7ftre,1
ID_nPrwwsq7,1
ID_nQ3Cm5iY,1
ID_nQM66WQb,1
ID_nQcMBLwA,1
ID_nQnmZ7s4,1
ID_nR9v465s,0
ID_nRfa8qvt,1
ID_nRu4rOPD,0
ID_nSpwObdg,0
ID_nSszioNf,0
ID_nT4tWrBt,0
ID_nTc72dqW,0
ID_nTcAMFXg,0
ID_nTdedwzP,0
ID_nUpEaSB5,1
ID_nUqKKdVg,0
ID_nV9CnCY1,0
ID_nVPcxDIQ,1
ID_nWKQciI3,0
ID_nYX81eXH,0
ID_nZ8VlQyf,1
ID_naQM2dRX,0
ID_naTiWLGj,1
ID_napONTwN,1
ID_nbDzrNWl,0
ID_nbgRUINU,0
ID_nbivrnnm,0
ID_nc0AL6h6,0
ID_nehh4Esi,1
ID_nfLblrPT,1
ID_nfYgQhEB,1
ID_ng9Y4qPx,1
ID_nhIj112x,0
ID_nhMhcCKF,1
ID_nheCGxFK,1
ID_nho8yAVO,0
ID_nikg6ZfX,0
ID_nja2L7jz,0
ID_njnN6ryW,0
ID_nkOTaMzy,0
ID_nlPy6yN7,1
ID_nm6okgjh,1
ID_nmFS0UOD,1
ID_nmHNZgVf,0
ID_nnvNAnaO,1
ID_noEV2aiO,0
ID_noeSRBeh,0
ID_np6oTcnj,0
ID_np7OILla,1
ID_nq00qpn3,0
ID_nqO5yTVo,0
ID_nqVObELU,0
ID_nql82SkZ,0
ID_nrj5MsJb,1
ID_nsRvbyjM,1
ID_nshAOCeb,0
ID_ntFkZLLJ,1
ID_ntyHzKZO,0
ID_nuFJQ0El,0
ID_nurSPety,0
ID_nwEPI99s,1
ID_nwQpDppv,1
ID_nwSpFPEm,0
ID_nwYA1KCj,0
ID_nxDUY1Gv,0
ID_nxqh1wjx,0
ID_nyj1IYA6,0
ID_nz4Ctmje,1
ID_nzFIa6pL,1
ID_nzvAfu4e,0
ID_o1L9cXfQ,1
ID_o1NVpweV,1
ID_o2MMdJpE,0
ID_o2RX58KH,1
ID_o30rfErd,0
ID_o3cSxgpK,1
ID_o3dcimt0,1
ID_o3n6nzQf,1
ID_o3w8VsoW,1
ID_o5Yl3Qka,0
ID_o5cUJ75o,0
ID_o5suYYRd,0
ID_o6DHZCOD,1
ID_o6RFQr0A,1
ID_o7A90ulx,0
ID_o8GWcq90,0
ID_o8IsLMJw,1
ID_o8TiJTC7,0
ID_o8UKzBmg,0
ID_o8nNt6QG,0
ID_o9QbSp8y,0
ID_o9zfcDU6,1
ID_oAD4Ba9K,1
ID_oBe6Ccr4,1
ID_oCFuIPg5,1
ID_oCbiM6ie,1
ID_oCjtZnzJ,0
ID_oCwIGXLw,0
ID_oDNbRWQ3,1
ID_oDRe9u1X,0
ID_oEWNERxv,1
ID_oG58gQQv,0
ID_oGW7DOG6,1
ID_oGpRc7P9,1
ID_oHlwLHfX,1
ID_oHoBpREy,1
ID_oI18cTSI,1
ID_oILHfcTO,1
ID_oIfk5hYk,1
ID_oIzfuK46,1
ID_oJNcIvHX,0
ID_oKP9R6hJ,1
ID_oL8BJ4D1,1
ID_oLmpuPa9,1
ID_oMy1gSrf,0
ID_oNWeibee,0
ID_oNrETIP1,0
ID_oO0L0Qsv,1
ID_oO0mYZgN,0
ID_oODakezM,1
ID_oP8iQFik,0
ID_oPLna43g,0
ID_oPewUJL0,0
ID_oQpiPa0f,1
ID_oQxfKRrH,0
ID_oRBoVESj,1
ID_oSLz3vVV,1
ID_oTOSEWr7,0
ID_oULAt8h8,0
ID_oUanZIIo,0
ID_oVY6c5xC,1
ID_oWRVxrCq,1
ID_oWw2SchO,0
ID_oX02gdJ6,0
ID_oXFdKYJx,1
ID_oYp4i4tX,0
ID_oYy4Rxc5,0
ID_oZDXTBDx,1
ID_oZPzAsTt,0
ID_oZl1zxgs,0
ID_oaMrqFup,0
ID_oaV3kSCf,0
ID_oaySLBgu,0
ID_obA7z81w,0
ID_obW8sYxV,1
ID_obfOvV1G,0
ID_ocYPQJZG,0
ID_ocg5nUJc,0
ID_ocwhzSpf,0
ID_odTvQs7p,1
ID_oeoemoJE,1
ID_ogHPb40m,0
ID_ogbqAeo2,0
ID_ohLQv0SL,1
ID_oiEBUFsx,1
ID_oiLVgeZ9,0
ID_oj0z7D33,0
ID_okPMiSoh,0
ID_ol8DGnHD,1
ID_olOumqZi,0
ID_onA0bBxO,1
ID_onz9qUmv,1
ID_oo3baLjQ,1
ID_op2AJ9tw,0
ID_opFowLPi,0
ID_oq5XQM80,1
ID_oqSscoFO,1
ID_orbs29cp,1
ID_oshCB6VZ,0
ID_ossJ58oz,1
ID_ot8pNIAi,0
ID_otIiYp3s,1
ID_otl25dTt,1
ID_otliDz1p,0
ID_ouExQc4N,1
ID_ov6V6DWM,0
ID_ovKgf51Y,1
ID_ovW8m91V,0
ID_owc2MYuo,0
ID_owvEzs3V,0
ID_oxJtLFaX,1
ID_oxmIoNzz,1
ID_oxo411QS,1
ID_oyOPosWq,0
ID_oyWqlTv4,0
ID_oyoQv8OZ,0
ID_oz0hIa3t,0
ID_ozUIU4X2,0
ID_p033Q882,1
ID_p0fkInZo,1
ID_p1S22Eh0,0
ID_p1u8T02f,0
ID_p1xb0ZdT,1
ID_p2omeaIw,1
ID_p3oH0vZg,1
ID_p4e7AJdL,0
ID_p4pvUuqB,0
ID_p5i5y192,1
ID_p5qwPNx7,0
ID_p5w3fOQw,1
ID_p6W9rvTu,1
ID_p7JCVlya,1
ID_p7sNxrak,1
ID_p8NigdoK,1
ID_p8T754cK,0
ID_p93mTDQd,0
ID_pA1RdiLa,0
ID_pAu73HD6,0
ID_pBDl4y3i,0
ID_pC5SbbXl,1
ID_pCXHFZRO,0
ID_pCaxmfxT,0
ID_pCpvkWds,1
ID_pD2TlbR6,1
ID_pDxdfycC,0
ID_pEfuL6GH,1
ID_pFJU8OLW,0
ID_pFMCBk9a,0
ID_pFRD1GSF,1
ID_pFm0k0Kr,0
ID_pGJev1DX,1
ID_pGNNDdvz,0
ID_pGSIobRn,1
ID_pHitlJU1,0
ID_pIPTYuEb,1
ID_pIPkvK3d,0
ID_pIieZsCW,1
ID_pJqogj8b,1
ID_pKA2tT0X,0
ID_pKTE4jxn,0
ID_pL7740Uu,1
ID_pLjLkuZN,1
ID_pLoCUIIz,0
ID_pLszkL6z,0
ID_pMaUhXyP,1
ID_pN8gSCOE,0
ID_pNNJAwb8,1
ID_pNvmHClf,1
ID_pQbXf5dB,0
ID_pRWxSKdR,1
ID_pRXbTJDb,0
ID_pRvUNmC7,1
ID_pTQFOKKw,1
ID_pTYZ5imv,0
ID_pUAFvD8N,1
ID_pUBxRlkK,1
ID_pUHT0SeD,0
ID_pUt4Llh4,0
ID_pVOFbBBb,0
ID_pVyx2nBL,0
ID_pWAUomSZ,0
ID_pXCx60E9,0
ID_pXSg7OoN,0
ID_pYQBcxk0,1
ID_pYUmgtrj,0
ID_pZ5cFKu8,0
ID_pZHMXtvN,1
ID_pa1mxDtQ,0
ID_pao9hqd0,0
ID_pbS9UBXz,1
ID_pbcIellJ,1
ID_pcQCQYXd,0
ID_pcT4rxUs,0
ID_pceCgLEG,1
ID_pcoLHvBY,0
ID_pd5D5URU,0
ID_pd61O0V0,1
ID_pe7K9HGK,0
ID_peTGThaE,0
ID_peXYSpdE,1
ID_pecZqjw3,1
ID_pedzLN8T,0
ID_pejWRoD6,1
ID_pf2X7m23,0
ID_pfHa4aFb,0
ID_pgHMcRcr,1
ID_pgwlP7DJ,1
ID_ph0nusaT,0
ID_phuE0ocp,0
ID_pi3MXY50,0
ID_pi5tlKjJ,0
ID_pi9KmLVE,0
ID_pic9aLqp,1
ID_pirHRY2Y,0
ID_pjU85H48,1
ID_pjgwGYZj,1
ID_pkdPzMSv,1
ID_plAF099g,0
ID_plwzIwlZ,1
ID_pni6w3jw,0
ID_pnuLovIt,1
ID_po1cyimr,1
ID_po1gr07B,1
ID_poFRnEu4,1
ID_pohx2ckK,0
ID_ppgG90HR,0
ID_pqGhPhaA,0
ID_pr8itsBG,1
ID_prOEPnFh,1
ID_prs1hP4E,1
ID_psFvGYFU,0
ID_psJ9NTFb,1
ID_ptnvMSXa,1
ID_puO9PP6w,0
ID_pv1LpFSe,1
ID_pvuMJOwk,0
ID_pwGoFNMi,1
ID_pwiNT2zi,1
ID_pwzT4QMY,0
ID_pxDA21Qm,0
ID_pxdy2V3Y,1
ID_pzIjVtKW,1
ID_pzpZufm9,1
ID_pzpzZSzG,0
ID_q0Y4DzZ0,1
ID_q0a7FR6D,1
ID_q0iCR3kc,0
ID_q0jhqZ9B,1
ID_q0kyuqJa,1
ID_q11ZaK1X,0
ID_q1YmBzZc,1
ID_q1sdLK8M,1
ID_q27HEFUY,0
ID_q2DYkUvA,1
ID_q2JbkdLL,1
ID_q2yxZfMD,1
ID_q4QboE3G,1
ID_q4Uvjqif,1
ID_q4muURFd,1
ID_q6ek3X3r,0
ID_q6uDSzob,1
ID_q8Mly3Dl,1
ID_q8vbccU2,0
ID_q9XfopQJ,1
ID_qAHO5xdi,1
ID_qAiVwGUM,1
ID_qAkJ4Liz,0
ID_qAywTGka,0
ID_qBCE2ScA,1
ID_qBFx5qOs,0
ID_qBrpdH76,1
ID_qC3fzfgd,1
ID_qCrjqana,0
ID_qDedJgTn,1
ID_qDtsSlqT,0
ID_qDuzIJEs,0
ID_qDvC94Dk,1
ID_qE637wUg,1
ID_qERiCnPF,0
ID_qES7Zo8s,0
ID_qEkUoEJb,0
ID_qF2kKg3c,0
ID_qG26kouz,1
ID_qGWtH9MV,1
ID_qH1YFirw,1
ID_qHUGioOM,1
ID_qHpiHS8H,1
ID_qIw0lVFT,1
ID_qJA61tbh,1
ID_qJSYThIo,1
ID_qJTMwWyJ,0
ID_qJorHbUz,0
ID_qKreFmZL,0
ID_qL7KIKpY,0
ID_qMAARVgL,1
ID_qMBhuafm,0
ID_qMQx2V46,0
ID_qNB79V8T,1
ID_qNiq5jmS,0
ID_qNitxcRZ,1
ID_qNwkDtQ5,0
ID_qNyazLR4,0
ID_qO86bhVT,0
ID_qOSiJzHo,1
ID_qP7KL0QQ,1
ID_qPWOmTsM,0
ID_qQ6e1qzJ,1
ID_qQbCToAH,1
ID_qQvIWNS6,1
ID_qR5TMBYP,1
ID_qRFJuQ97,0
ID_qSKitR6N,0
ID_qTZKLxqm,1
ID_qTdoYvsw,0
ID_qTkTjOF5,1
ID_qUFuUZC8,0
ID_qUIsvxb7,0
ID_qUonnEXZ,0
ID_qVdEdUL0,1
ID_qVqctyD2,0
ID_qWdSG7uE,0
ID_qXGeaV5h,0
ID_qXfnuxT3,0
ID_qYt7HZnN,0
ID_qYvzmuOk,0
ID_qa9CBLvl,1
ID_qabsmSjy,0
ID_qb58B0Kv,1
ID_qb8S2VsG,1
ID_qbZ3iCOv,1
ID_qbomUQ5G,0
ID_qc9sHpk1,1
ID_qcDxBLJ2,0
ID_qcGmlcQI,0
ID_qd2L8sXS,1
ID_qdectpHF,0
ID_qebiW6X3,1
ID_qf4FW4Oa,0
ID_qgINjoZ3,1
ID_qgcs4Ang,0
ID_qguLgMG8,1
ID_qhNuTivw,1
ID_qj9VVRop,0
ID_qjnxehRW,0
ID_qjzc9ZgM,1
ID_qk0UQXiK,1
ID_qkD6SUOZ,1
ID_qkTHaJIp,1
ID_qlGX8j4Z,1
ID_qlbHJRqA,0
ID_qlia5KOM,1
ID_qlkCr2zb,1
ID_qmBAI49M,0
ID_qmayP8ka,1
ID_qn2TWuTf,0
ID_qnDHkcOt,1
ID_qnDNxlAI,1
ID_qnw0Y8O2,1
ID_qoPCw5CY,0
ID_qolBiaEP,1
ID_qp9X5S7b,0
ID_qq0e5sVU,0
ID_qq4MtfXF,1
ID_qqExNd6D,1
ID_qqoPKoas,1
ID_qr3YSwI1,1
ID_qrRC8ALl,0
ID_qrfwxsXl,1
ID_qt1jqWQ3,1
ID_qvKdADll,0
ID_qvloZpjC,1
ID_qvnasFpD,0
ID_qvwqyX5W,0
ID_qwWLjxi4,1
ID_qwc9eQpy,0
ID_qx7nR1AA,1
ID_qxzTEkP0,1
ID_qz6YubAT,0
ID_qzNyEI2I,0
ID_qzPKhsYn,1
ID_qzvlKMa2,0
ID_r03Pcda5,0
ID_r0HuSwQ8,1
ID_r15Rf68Q,1
ID_r1IVnbb3,0
ID_r221NIVp,0
ID_r2pBrIlb,1
ID_r3daQ9VT,0
ID_r3qjTNEn,1
ID_r4T78Wg4,0
ID_r4b0CJ2H,1
ID_r4iRZH7w,0
ID_r66XIUzo,1
ID_r6Bf2PN9,0
ID_r7Qfzn89,1
ID_r87DIuIW,0
ID_r8OWNPiE,0
ID_r8RZ5cnT,1
ID_r92VGEPg,1
ID_r9DKXSMQ,1
ID_r9wjmNA0,1
ID_rAeiQEeG,1
ID_rAp8ePBf,0
ID_rB8agxQy,1
ID_rBFNyLYB,1
ID_rBSAt6Pu,1
ID_rCPvcPKA,0
ID_rCxktoex,1
ID_rCy6LXMX,1
ID_rD02HPl2,0
ID_rDJPewBf,0
ID_rDYMWOM3,1
ID_rDcYR3tV,0
ID_rDrKoUAH,0
ID_rEQ4Am1V,0
ID_rEtFHNLi,1
ID_rEvQVzy8,1
ID_rFaYGMkA,0
ID_rG4GAlDR,1
ID_rGCaC4Vn,0
ID_rGXOr0mG,0
ID_rHTS6PkR,1
ID_rHTqTutJ,1
ID_rI7tlUiP,0
ID_rIyJf8WE,0
ID_rJaEWAEH,1
ID_rJvEXvBD,1
ID_rKeSDf6M,1
ID_rKxNuQaL,0
ID_rL45hEos,1
ID_rLtttNSo,0
ID_rMQinQus,0
ID_rMSOroF5,1
ID_rMe2nilU,0
ID_rMezc88n,0
ID_rMnia1db,0
ID_rNg7bcwl,0
ID_rNphMdMd,1
ID_rOiS58oQ,1
ID_rPKUcof7,1
ID_rPZm9TUR,0
ID_rPb5rMOc,0
ID_rPwb8PWe,1
ID_rRMLjQZz,1
ID_rRzuLTKw,0
ID_rSrTBk6Z,0
ID_rSzibmhI,0
ID_rTjjjv9Y,0
ID_rU1dwRe6,0
ID_rUDrQ4vm,1
ID_rUDuM5fy,0
ID_rUPe0mU7,0
ID_rUfkfine,0
ID_rUjnmOfk,1
ID_rVyiZumn,1
ID_rXBS1Vpj,0
ID_rXULtdYt,1
ID_rYSEeYo4,0
ID_rZSf8JVI,0
ID_ra24Yh3g,1
ID_rcmcQZkh,0
ID_rdAuyhGz,1
ID_rdnSI4pu,1
ID_rduzD3Sp,1
ID_rdw2TL86,0
ID_re6PJpum,1
ID_rfLBPO9y,0
ID_rh1S9PyA,0
ID_ri2xzbCx,0
ID_ri81lRrf,1
ID_ridJBOYn,1
ID_rioOe3a4,1
ID_rjZKPsB4,1
ID_rjclNAkR,0
ID_rlh2oWSG,0
ID_rmuyHZie,0
ID_rnMTazEo,1
ID_rncaK2hu,0
ID_rnqjOL5a,0
ID_rnx0N7s4,1
ID_rp876dJ7,1
ID_rprvOuD8,1
ID_rrVyNFPm,0
ID_rs3gwQ4w,0
ID_rt1NvzHd,1
ID_rtdXUz8j,1
ID_rv5c1Fjs,1
ID_rvxu3f2A,1
ID_ryIHKC7s,0
ID_rzImJZkp,1
ID_rzqyCiVP,1
ID_rzrl4NyE,1
ID_s1KSiLwC,0
ID_s1b7eLrI,0
ID_s32yCdvi,1
ID_s53lmmgS,1
ID_s5Ky2oOD,1
ID_s6H5sbSh,1
ID_s6Q4xAmY,1
ID_s6mxe59A,1
ID_s73qXONi,1
ID_s7WfSLM7,1
ID_s84dgCFc,0
ID_s9EmwF1g,1
ID_s9gkA3xk,0
ID_sAYisUTR,1
ID_sAt0ewct,0
ID_sBDPQk3R,0
ID_sBOjFJgP,0
ID_sBos5W0s,1
ID_sCB7qj0i,0
ID_sCrNYbLy,1
ID_sD7VUUXY,1
ID_sDWLLgfc,1
ID_sE85WMaY,1
ID_sEEvfVrD,0
ID_sEOAXsZE,1
ID_sESxggJJ,0
ID_sEUQpc9j,1
ID_sEyd9F7L,1
ID_sFV9uM5A,0
ID_sFWDh42o,0
ID_sH1KLVUq,0
ID_sHGx1jrp,0
ID_sHjzcqPY,1
ID_sHrtKQIP,1
ID_sJFSe2I7,1
ID_sJynGEJm,0
ID_sJyprFMe,1
ID_sKvODLP0,0
ID_sLn63UFs,1
ID_sOMzHivK,0
ID_sQ6JqNPo,1
ID_sSIFnsAi,0
ID_sSUvKFAg,1
ID_sTYUwT1n,0
ID_sTa6vamL,0
ID_sTg0dDH0,1
ID_sTgDyldo,1
ID_sTmXM6kK,0
ID_sUWI0Js5,1
ID_sV0JsU6t,1
ID_sVFyjKdh,0
ID_sWS5nQE3,0
ID_sWog5Kas,0
ID_sYLeCZ0j,1
ID_sYMbQYdQ,1
ID_sYlbXiwx,0
ID_sb1JxAds,1
ID_sbIfaQTc,0
ID_sbvnYVSq,1
ID_sc1ev7rJ,0
ID_sd3Gda5M,1
ID_sdV4e9zT,1
ID_seek9Oc3,1
ID_sefTktpO,1
ID_segOlCam,1
ID_sf1hErE7,1
ID_si2VDb4w,1
ID_siXHmNzG,0
ID_siaxND5v,1
ID_sjlR8r3K,1
ID_skLrFvEr,0
ID_slGoPNnS,0
ID_slOyvRLW,0
ID_slfZxYRE,1
ID_slpqHVlw,1
ID_smU7n9N0,0
ID_smlb50Cm,0
ID_sn4tmtGN,0
ID_snWuIQ0L,0
ID_snpM93Vu,0
ID_soRF3wHU,1
ID_sokspjOc,1
ID_sol76ZbP,0
ID_spCBDpZq,0
ID_spTWTYI0,0
ID_splyhKZe,1
ID_ssXh1bDc,0
ID_ssbjaFhL,0
ID_sst2DoKe,1
ID_stMq6nWV,0
ID_stdxIPq8,1
ID_svCLVsJp,1
ID_svRkH128,0
ID_swG9TQff,0
ID_swWv5FmS,0
ID_swthzpA6,0
ID_sxoFkvz8,0
ID_sxrPHHqF,0
ID_szKYst5o,1
ID_szxFRxUa,1
ID_t0sAHpXW,1
ID_t1SBtzLn,1
ID_t1ZLaNjq,0
ID_t1ywGoh8,0
ID_t2Auv2Sk,1
ID_t2R7G7cp,1
ID_t2WhsJzU,1
ID_t3E9cUak,1
ID_t3MaKM64,0
ID_t3tjJO8a,1
ID_t43sx5Iv,1
ID_t4DzJS9t,0
ID_t5Lz9dQi,0
ID_t5RdFthM,0
ID_t5cMvKkG,0
ID_t6Hy0SSZ,1
ID_t70FOl9f,1
ID_t7C6AoF7,1
ID_t8RiMkeQ,1
ID_t8UN9weV,1
ID_t947z0H0,1
ID_t9SrEj6O,0
ID_tAc0Uq2B,0
ID_tCcwYTqE,0
ID_tEU5yjuH,0
ID_tGFteCGU,1
ID_tGmA2xkn,0
ID_tHYdNamX,1
ID_tIorRpVQ,0
ID_tJf8wwFO,1
ID_tKa4n1sM,1
ID_tL7hCNqi,1
ID_tLHIg4SZ,0
ID_tLgX11el,1
ID_tLh2Dm6i,1
ID_tN4jnLAP,0
ID_tOGqCVOB,1
ID_tP2CL3lJ,0
ID_tPCuNlkh,0
ID_tPkfXCno,1
ID_tQChc3Ln,0
ID_tQIhoSxu,0
ID_tRlaOvK9,1
ID_tSMyJ20E,0
ID_tSswOFDh,1
ID_tT1d6aFY,0
ID_tTAA3l8G,0
ID_tU3IwYQZ,1
ID_tUEsgRrA,0
ID_tUzpVkZz,0
ID_tV7MUU3k,1
ID_tVcsIJ55,0
ID_tWMM050C,0
ID_tWQVOvjy,0
ID_tWlJ4eS4,1
ID_tWwms1Qk,1
ID_tXaopFuI,1
ID_tYhhu1JK,0
ID_tZ3Ag0Bl,0
ID_tZB3ksih,0
ID_tZPIPAWW,0
ID_taC1K3eO,0
ID_taIXbTND,1
ID_tbBLYwiW,1
ID_tbVs1w2O,0
ID_tbWOJTvy,0
ID_tbazttQL,1
ID_tbhCrNbR,0
ID_tbtwJiHR,1
ID_tcayzZcI,0
ID_tcjuDYSU,1
ID_tdBAbk5b,0
ID_tdfi0j6P,0
ID_tdiaKhci,1
ID_tdn9Z86E,1
ID_tfBvvKIW,0
ID_tfbkCJif,1
ID_tfiEIgus,1
ID_thTGGxGa,0
ID_thxg5V5c,0
ID_tiB0GfkK,0
ID_tit23RyX,1
ID_tiwjfnVD,0
ID_tjry6anY,0
ID_tk1qGBg8,0
ID_tkNIjUGw,0
ID_tkfbq7vt,0
ID_tkj5Tn3C,0
ID_tkksIQOM,1
ID_tlSLAzTj,1
ID_tli43oV7,0
ID_tlqHg0Xi,0
ID_tlxv8zxz,0
ID_tnIFeUlY,1
ID_tnz0Cumo,0
ID_to3bUzB1,1
ID_toQh3xfi,0
ID_toawkA93,1
ID_tpcBIgv1,1
ID_tpqoAHja,0
ID_trSrPsJC,0
ID_trVxRJiw,0
ID_trdL7Cn4,0
ID_ts6bo8OV,0
ID_ttnANSJH,0
ID_tu0IKI7H,0
ID_tu1U5P2d,0
ID_tvFxty4N,1
ID_twUTppdN,0
ID_twa9l9C7,0
ID_twwDlrJO,1
ID_txI4LYyx,1
ID_txYDkFoc,0
ID_txjSEWAG,0
ID_tyUWyF0E,1
ID_tyVtHQww,1
ID_tz7ZGYsV,1
ID_u02EV8yI,0
ID_u0oTeFW3,1
ID_u1E5GVER,0
ID_u26aKBzQ,1
ID_u31kOhPz,1
ID_u385uGAS,0
ID_u3FQj49U,1
ID_u3hUfdj9,1
ID_u49Jj5uU,0
ID_u5PnJDte,0
ID_u5QjCjMR,0
ID_u5zB7WCJ,1
ID_u64q4uLq,1
ID_u6YtcFnc,0
ID_u7CEr8LY,0
ID_u7jSRGji,1
ID_u815rNHp,1
ID_u8Vj1392,0
ID_u8uGYs2m,1
ID_uAQA6LNB,0
ID_uAXbbwu6,1
ID_uActoJR7,1
ID_uAhv20tO,1
ID_uB1VnDm1,0
ID_uBBsGv3E,0
ID_uCwPnBoT,0
ID_uDQ9TD7D,1
ID_uE0ZzL9I,0
ID_uErsmddv,0
ID_uFLsVk0e,0
ID_uGNf6IsR,1
ID_uGhPxdS8,0
ID_uH9P93vn,0
ID_uHIs4vIZ,0
ID_uIIaN38p,1
ID_uJIam6MF,0
ID_uJLiVOOe,1
ID_uJS8wyEb,0
ID_uL6EdgR2,0
ID_uLCpoah7,0
ID_uLnC4zYv,1
ID_uMf9aiwR,0
ID_uNLpMrtq,0
ID_uNTQD7fi,0
ID_uNUblYTF,1
ID_uORQHTXh,1
ID_uPzDnBnX,1
ID_uQnnXIAe,1
ID_uQv2DKTP,0
ID_uSHsofsW,0
ID_uSn0SXBX,0
ID_uStaMmNy,1
ID_uT1cNYvi,1
ID_uTkjcCDH,0
ID_uTyfVnbJ,1
ID_uUKCGBTu,0
ID_uUlqlP3O,0
ID_uUyYUFpR,1
ID_uVzWr0O2,0
ID_uWeydIei,0
ID_uXGnfiCj,1
ID_uYXA9iBE,0
ID_uZ1DHVyx,0
ID_uZ21R6ho,0
ID_uZOTLCwl,1
ID_uZTeDFAL,1
ID_uaWbBLcR,1
ID_uajgzphY,0
ID_ubEEqdSV,0
ID_ubST4yyW,1
ID_udfwrsUT,0
ID_uedcSbOt,1
ID_uedyEmTo,1
ID_ufG549Mf,1
ID_ufo7hYNU,0
ID_ugpJQFVP,0
ID_uhDstcUV,0
ID_uhRao69L,0
ID_uhcxvyvq,0
ID_uhwbDg72,0
ID_ujJCZhcR,0
ID_ujtlMMJ0,0
ID_ukiS45qo,0
ID_ukuj6dEF,0
ID_ulYGf84w,0
ID_ulZJPIqS,0
ID_uldILSlw,1
ID_um5Xfd5A,1
ID_unHOAz2L,1
ID_unO5TwsQ,0
ID_unvOBEGL,0
ID_uoKe1A2J,1
ID_uoQCkB3D,0
ID_uoXVfiNI,1
ID_uoaoRue7,1
ID_uobttTm5,0
ID_uoqp5J1D,0
ID_upvED4zy,0
ID_uqJVTIiK,1
ID_uqXg2ncG,0
ID_uqcWWcmB,1
ID_ur6YjcoC,0
ID_urTAkAMS,0
ID_us1XmWYD,1
ID_usVzOLT5,1
ID_uuBD3Y4z,0
ID_uukn5ouU,1
ID_uvUZZfqU,0
ID_uvjTWQ9J,0
ID_uwVhJO4u,1
ID_ux1zNE1W,1
ID_ux4s6b8r,0
ID_uxkx47QO,0
ID_uxqlVwi2,1
ID_uy41meRs,1
ID_uyAWMHQW,1
ID_uyEEEkKD,0
ID_uzFfco0c,1
ID_v1A7NgAB,0
ID_v1Ns5a7W,1
ID_v1u2Bh5a,1
ID_v1yhplSN,0
ID_v3KuBXR8,1
ID_v3gmZ9St,0
ID_v48RYPXC,0
ID_v4WExFu3,1
ID_v5ApWLrE,1
ID_v5Dphcru,0
ID_v5R71pCI,0
ID_v5iEBqCd,1
ID_v5oDTqwn,1
ID_v68HDx4c,0
ID_v6FhcNlN,1
ID_v6vuCO1G,0
ID_v6wF4c0K,0
ID_v7HsbIsB,1
ID_v7VqsqHm,1
ID_v7ZjAAPj,1
ID_v8r9x0RP,0
ID_v9kHqB5I,0
ID_vBEqEByr,0
ID_vBHHwQhV,1
ID_vBMo9XaP,0
ID_vBVJyEcN,1
ID_vCDWgA4g,1
ID_vCThi7KH,0
ID_vCwU2BMH,0
ID_vEM1DgHm,0
ID_vFwH0Mrz,1
ID_vFx8psqs,0
ID_vGWilUUT,1
ID_vGZ1uhuy,1
ID_vH16koqf,0
ID_vHJsE5Fs,1
ID_vIqmB4yd,1
ID_vLGsnIhE,0
ID_vLMu5EOn,0
ID_vLZcScgX,1
ID_vLswImVL,0
ID_vMcvHGly,0
ID_vNt0xHlT,1
ID_vNuLTAiQ,0
ID_vNvKw2y3,1
ID_vO7FahkN,1
ID_vO8cEXRP,1
ID_vO9Pq7xj,1
ID_vOG4IPta,0
ID_vP8iq4EX,1
ID_vPMVIVp3,1
ID_vPpQ9kgg,1
ID_vQ4Y7KNY,0
ID_vQBo6qKO,1
ID_vQbGYHLr,0
ID_vRYSJ5gg,0
ID_vS11klgY,1
ID_vSJnFGYH,1
ID_vSujjCKc,0
ID_vTG6wYMs,1
ID_vU7gHBgz,1
ID_vUVWbSaS,0
ID_vUWyp8Vx,0
ID_vVTYoS0r,1
ID_vVZf2Xxp,1
ID_vWsduD9j,1
ID_vYklVYYi,1
ID_vZEZaLl5,1
ID_vZPIErvj,0
ID_vaYRl4wY,0
ID_val26XNN,0
ID_vb7khqzR,0
ID_vbsTdFXW,0
ID_vcWakSyZ,0
ID_vdQLGN5k,1
ID_vePhU96u,1
ID_veeZXrBn,1
ID_vekXC3S1,0
ID_velhMnJi,1
ID_veu23oa5,0
ID_vfYoREUN,1
ID_vgZPbGuR,0
ID_vhetj6JL,0
ID_vhxeWKvP,0
ID_vi708W3N,1
ID_viEVOXZH,1
ID_viMWT62o,0
ID_viejzVcS,0
ID_vihfSfVg,0
ID_vip9QgGO,1
ID_viwE9F2p,0
ID_vjXqINs9,0
ID_vk084A0S,0
ID_vkR3XeSe,1
ID_vkatTXbm,0
ID_vl6C5qLZ,0
ID_vlD6MNj5,0
ID_vlYCwlUv,1
ID_vn1D8PLd,1
ID_vn6LLFIL,0
ID_vnFqBhVz,1
ID_vnyJlr8A,0
ID_vo2INh0X,0
ID_voNnN8x2,0
ID_voYSfhDS,0
ID_vomnciit,1
ID_vpYVmHP2,0
ID_vq3gFtwb,1
ID_vqgBH3kT,1
ID_vqncZx3H,1
ID_vr1ma2wx,0
ID_vrNMZHOg,0
ID_vsSpyM0V,1
ID_vsWlIvi4,0
ID_vsat8Cpv,0
ID_vslqPgyJ,1
ID_vtV481Mt,1
ID_vuxq5O2t,1
ID_vvaFtZMe,1
ID_vvraZpXe,1
ID_vw2JTipz,0
ID_vw71QGaT,1
ID_vwOIOaWi,1
ID_vwXxodyG,0
ID_vxLvH4oG,0
ID_vxd37Pfd,0
ID_vxtCcZcB,0
ID_vxzJBglm,1
ID_vyMydXDe,0
ID_vyljs14S,1
ID_vz9myc6u,1
ID_vzPrcFTB,1
ID_vzuXpUFs,0
ID_w03AyOmY,0
ID_w0ErzPV5,0
ID_w0rU8fAN,0
ID_w1Mn0vGI,1
ID_w1f6pgmx,1
ID_w2uYTLJt,0
ID_w45OBTOF,0
ID_w47Ywett,0
ID_w4E5vM9r,1
ID_w4RpETgF,0
ID_w5XE1SMJ,0
ID_w5oneHpz,0
ID_w6eIcP7x,0
ID_w7gcNHVS,1
ID_w8FpIdkt,1
ID_w8zF69EA,0
ID_w9GVej3T,0
ID_w9qnEXBs,0
ID_w9xT0fTc,1
ID_wAjtOLth,1
ID_wB6CkVIN,1
ID_wB9iome1,1
ID_wBI2g3T6,1
ID_wBIFEnCJ,0
ID_wCdvraKT,0
ID_wD2tFQNj,0
ID_wD4ohAS1,1
ID_wEnMpUjY,0
ID_wEnTDZqi,0
ID_wEyRnraf,1
ID_wFHS05lx,0
ID_wGu3O8ht,0
ID_wGwQ1ecC,1
ID_wK9xyEvj,0
ID_wKPBFvEj,1
ID_wL5bclTN,0
ID_wLCjD39K,1
ID_wLwyPPmf,0
ID_wMNMrBOB,0
ID_wMWIkbvR,0
ID_wNHVfb03,0
ID_wNRNzzdA,0
ID_wNTRDT6A,0
ID_wNbiD8u4,1
ID_wNyl1T2V,1
ID_wNz9qGRO,1
ID_wQUNL3Lg,1
ID_wQcAXisL,1
ID_wR6doPC5,0
ID_wSeKVBAw,1
ID_wSsTqbpG,1
ID_wUDvQo8Z,1
ID_wUMC8r7G,1
ID_wUSAcoj9,1
ID_wUbrKDZ5,1
ID_wVGhcBou,1
ID_wVQHqIPn,1
ID_wVYU4lr1,1
ID_wVhFfjUg,1
ID_wVlqnkBA,1
ID_wWEkod8W,0
ID_wWTzqkFX,1
ID_wWcZCmHU,0
ID_wWq8ddWu,1
ID_wX6DLm9z,0
ID_wYETLdL5,0
ID_wZSfT989,0
ID_wZu6gogn,0
ID_waHcUQCW,0
ID_waNMHR4n,1
ID_wbJpsA3i,1
ID_wbMpHGR1,1
ID_wbQiHZFL,0
ID_wbu2T2Nh,1
ID_wbz1yYnl,0
ID_we8B4KNj,1
ID_weHXyQzy,1
ID_weLkMG5v,1
ID_weoB60bu,0
ID_wfYRCRFz,1
ID_wfsNlr1f,1
ID_wfuvH8ix,1
ID_wh1ertbp,0
ID_wh1lqeWd,1
ID_whFjXlBR,1
ID_wiOrhma0,0
ID_wideuems,0
ID_wiz0eZsF,0
ID_wju80JmN,1
ID_wjzoVQYn,0
ID_wmtziTit,1
ID_wn7lsF0g,1
ID_wnLagv5V,0
ID_wndoipfS,1
ID_wngggnHV,0
ID_woRc3dBU,0
ID_woVLCtMs,0
ID_wpGNcPrW,0
ID_wpmlcet6,1
ID_wpu81oMC,1
ID_wqJ4Qopx,0
ID_wqNn88ih,0
ID_wrACvQTS,0
ID_wrssXvSo,0
ID_wsX71oTd,0
ID_wsqwzLv0,0
ID_wt2LyqX6,0
ID_wt797dvK,0
ID_wtFzZEGE,1
ID_wtGGtmkt,1
ID_wthgaV7z,1
ID_wtvdFjcU,1
ID_wtyNFiIL,0
ID_wv4JPDRj,1
ID_wwBtFQi5,1
ID_wwFENHPD,1
ID_wwrYYW8j,1
ID_wws1W8o7,1
ID_wwuzaXIj,1
ID_wxBC1UWm,1
ID_wyKttOcs,0
ID_wzlUEPDS,0
ID_x0759pTp,1
ID_x0IUCjH8,1
ID_x0bUuaZu,1
ID_x1JZ0Usf,1
ID_x1XV1cAU,0
ID_x1bmGfjt,1
ID_x33RGbRD,0
ID_x36iw6PC,0
ID_x3MPlsYF,0
ID_x4yblyIn,0
ID_x53yhE8g,0
ID_x5k2c8XF,0
ID_x65d8yJ6,1
ID_x6dfFi9Y,0
ID_x7RPSvhb,1
ID_x7mTqZXV,1
ID_x8PTEsoc,0
ID_x8gmaLAA,1
ID_x8nPfnjo,0
ID_x8wGYYR8,0
ID_x919ENdB,1
ID_x9DxS8pK,0
ID_xARUEOCY,1
ID_xB5X9Ho7,1
ID_xBzs8IRB,0
ID_xCHyIeXz,0
ID_xCYlEir8,1
ID_xE2oJGJb,1
ID_xFJidFAI,0
ID_xFO5zazC,1
ID_xFiaAZ1V,0
ID_xGeLdM5Y,1
ID_xGiRXWDL,1
ID_xJEZlPYv,0
ID_xKI0DVoc,0
ID_xKx0gp1W,1
ID_xM7AoGbs,0
ID_xMD5wfIP,1
ID_xNgwCGMX,1
ID_xNnBgRtV,1
ID_xOdPzVxP,1
ID_xPAb2zni,0
ID_xPffxLmm,0
ID_xQdnc7u3,1
ID_xQgjXKlQ,1
ID_xQqlgobb,0
ID_xR9heXke,0
ID_xSXDktiG,1
ID_xSojfIu1,0
ID_xSsI7X0a,1
ID_xT9yhObR,1
ID_xUJo4Fpr,0
ID_xUd8WsUP,0
ID_xVzdv0em,0
ID_xWgQhThh,0
ID_xXdEUuQq,0
ID_xYW4cRnY,1
ID_xYcuU7IL,0
ID_xZbzRbcC,0
ID_xZkWvDTs,1
ID_xarS7eLY,1
ID_xb4N1n5X,0
ID_xbjFqYoA,0
ID_xdQXz6Er,0
ID_xe3L7ItS,1
ID_xeZEcY1A,0
ID_xeoHV48x,0
ID_xetNF0Jn,0
ID_xg07Cs2V,0
ID_xh2iHuCr,0
ID_xhDVChcv,1
ID_xhEnpIh5,0
ID_xiRpwFha,0
ID_xjJi7NLC,0
ID_xjyVv7VG,1
ID_xkpunFx4,1
ID_xlAdimXp,0
ID_xlBVR1Xc,0
ID_xlIdqtHq,1
ID_xmAi4WNN,0
ID_xpzMa3ej,1
ID_xqXHdKON,1
ID_xqfo1XPO,0
ID_xrMvJUVF,0
ID_xs8hQwns,1
ID_xu3O8v62,1
ID_xvKWAh9K,1
ID_xvPLDAoV,0
ID_xwIIbIQa,0
ID_xwInBmPe,0
ID_xwsWk51z,0
ID_xx6K08Gs,1
ID_xxC1s74O,1
ID_xxf2vAES,1
ID_xyHnIEFi,0
ID_xz2S8vej,0
ID_xzvy9Vyg,1
ID_y05UNGQj,0
ID_y0LGiRd8,0
ID_y0WGqSVH,1
ID_y0eHqtCF,1
ID_y1pA2eRZ,0
ID_y27Q4umX,1
ID_y2GicuHH,0
ID_y2Kw3qgl,1
ID_y4E02phj,0
ID_y4Z0bAO6,1
ID_y5WQQpxU,1
ID_y63EMYCB,1
ID_y6f4E67B,1
ID_y6pOIyl0,0
ID_y7E5CGck,0
ID_yAsmc33W,1
ID_yBIZKTDd,1
ID_yBaCy41K,1
ID_yBmaugVP,1
ID_yCBGAJNo,0
ID_yCNygrQB,1
ID_yCQq0Gsl,0
ID_yE6K5pUH,0
ID_yEBT5cbG,0
ID_yENDVstm,1
ID_yFYqPOZ8,1
ID_yFZR30dC,1
ID_yFkF4xeo,0
ID_yFmSjp6j,0
ID_yG0wRTh8,1
ID_yICqgPmM,1
ID_yIEVcqHl,1
ID_yImWurZB,0
ID_yJ1xqu10,1
ID_yJNr144s,1
ID_yJT2nC7f,0
ID_yJmU6sLn,1
ID_yK4korxk,1
ID_yK9ZwNMy,1
ID_yMGn7ivH,1
ID_yPcnltmO,1
ID_yPmYQNyI,1
ID_yQoiw4kY,1
ID_yQvW6oaG,0
ID_yR13Ovd6,1
ID_yRXzwhB4,0
ID_ySYLuskq,1
ID_ySfH4uwX,0
ID_yT0XEZc5,0
ID_yUU2oLuN,0
ID_yVghUUnu,0
ID_yWc12k3b,0
ID_yWjoma0V,0
ID_yX6DLfNP,0
ID_yYhB6jRs,1
ID_yZHWgUa1,0
ID_yZKjjGb7,1
ID_yZhfYFvm,0
ID_yZwJdpB7,0
ID_yaUndyyS,0
ID_yaqmuiRI,0
ID_yc9JpaBQ,1
ID_yd9Uc863,1
ID_ydDq4UGB,0
ID_yeNf0SU2,0
ID_yfHVQwiM,1
ID_yfTGzPTB,0
ID_yg0PwznD,0
ID_yhow58z8,1
ID_yiyrM8ms,0
ID_yj94eKCf,1
ID_yjH12lYj,1
ID_ykOC7K0h,0
ID_ykWm9MoZ,0
ID_ylHHCLLA,0
ID_ynNgTHth,1
ID_ynaQmtFa,0
ID_yngYojrz,1
ID_ynqx6XVt,1
ID_yp8mBbEB,0
ID_ypQ26Sc6,0
ID_ypfNK1jq,0
ID_ypfpD47A,1
ID_yqSwmEaN,1
ID_yqbPyB1C,0
ID_yqu2d03h,0
ID_ysyu4rZU,0
ID_yu74xQWP,1
ID_yw3JLH2R,0
ID_ywYMeVdK,1
ID_yx2EYyP9,0
ID_yxLtsSlA,1
ID_yyCU5VbA,0
ID_yyz5fvsm,1
ID_yz4lBT0z,0
ID_yz8oNiIX,0
ID_yzqkj5aK,1
ID_yzvCaxWb,1
ID_z1DjZ04a,0
ID_z1MFOSQf,1
ID_z1N3VN2g,1
ID_z1Wl6FTw,0
ID_z2dVGXla,1
ID_z38bAtUC,1
ID_z3TDv0UB,1
ID_z5yDABOK,1
ID_z61Q30dt,0
ID_z7MpFwNc,0
ID_z8JH6P98,0
ID_z8vbo3BV,0
ID_z9691gZA,0
ID_z9wdHvQr,0
ID_zAsJHfob,1
ID_zC9TNheb,1
ID_zD9FC3p0,0
ID_zDqmoWiO,0
ID_zF7DSSSx,1
ID_zFp8cYMt,0
ID_zHQfVOrb,0
ID_zI7XRBCd,1
ID_zIqaas2q,0
ID_zJElTiDr,1
ID_zJXxeHWT,0
ID_zJZxbsEd,0
ID_zJkyTTuD,0
ID_zK3e9gXL,1
ID_zKhFB900,0
ID_zLqEiDiP,0
ID_zMnarkK8,0
ID_zMrZ7aTn,1
ID_zNNlls1A,0
ID_zNddN66U,1
ID_zOK8vZBO,0
ID_zQsZl79q,1
ID_zR7i9Bkl,1
ID_zRF98qsI,0
ID_zRI53vzg,0
ID_zSeJYwt5,0
ID_zT52D0zM,0
ID_zT7s12RV,0
ID_zTd0DeOo,0
ID_zUeKCJUX,1
ID_zUk6OFbu,1
ID_zVIjfTxT,0
ID_zVcgxKws,1
ID_zXvTol5r,0
ID_zZH5qxk5,0
ID_zZRiMwPE,1
ID_zZWoXZMw,0
ID_zZg2JhCJ,0
ID_zapErbeg,1
ID_zc7Di2rC,0
ID_zcNRNjdN,1
ID_zciWriFZ,0
ID_zdwhs36q,1
ID_zetajWBb,0
ID_zfFanib5,1
ID_zfbZci3i,0
ID_zfoTIyM8,1
ID_zgRTZrg2,0
ID_zhWCH98d,1
ID_ziF0jTLM,1
ID_zipn42SP,0
ID_zj33OE3I,1
ID_zjKsB4AU,0
ID_zjMiq6LC,0
ID_zmPHggtL,1
ID_zotdeFec,0
ID_zp27NlMG,0
ID_zp9zfHBG,1
ID_zpZsPFMQ,0
ID_zq8g7jeT,0
ID_zqeMZocx,1
ID_zrGRH2jW,1
ID_zrPt4ile,1
ID_zraXq4GC,0
ID_zrijVA9Y,1
ID_zrl1gm2D,0
ID_zs82BYKd,0
ID_zswNRkqn,0
ID_ztTQc2wt,1
ID_ztuW13cG,1
ID_zuNoQBPx,0
ID_zuTXTSKj,0
ID_zup5UL43,1
ID_zvZNJeQB,0
ID_zwGbT2eY,1
ID_zxWcykW8,1
ID_zzzvJs0F,1
