Image_id,Label
id_02amazy34fgh2.jpg,1
id_02mh3w48pmyc9.jpg,0
id_02rpb463h9d3w.jpg,0
id_02wc3jeeao8ol.jpg,1
id_03t2hapb8wz8p.jpg,1
id_04xrxyd43rlgz.jpg,0
id_05gqx7h8y6iye.jpg,1
id_06le9g89kqth5.jpg,1
id_082w0qygo3eth.jpg,0
id_086yvmu3nnvbe.jpg,1
id_09v3am3ppzesz.jpg,0
id_0bbnpqpkpbod3.jpg,1
id_0bd0chrhwa88r.jpg,1
id_0d6mm3xcpbqkw.jpg,1
id_0ff2fm63gzxvs.jpg,0
id_0g00jpbynmgfr.jpg,0
id_0gur3rc3nuft9.jpg,0
id_0k7gdyyx5zunr.jpg,1
id_0klqzvk8id4bt.jpg,0
id_0mytnx3vd7ebk.jpg,0
id_0ncnn142aww4v.jpg,1
id_0qm8i331u09jq.jpg,0
id_0qrjnjx2nbbde.jpg,0
id_0t41fhqaaqux9.jpg,0
id_0t76933bwfswn.jpg,1
id_0t7gw6z26pabf.jpg,0
id_0ub75edrc3qvg.jpg,1
id_0unlhj59tv0p4.jpg,0
id_0vn4379vhh52p.jpg,1
id_0wq0ldha65pkf.jpg,0
id_0wtod6711rn7r.jpg,0
id_0xb2nvq2kqdst.jpg,1
id_0yb73f56l5r4f.jpg,0
id_0z6gb99lwj01f.jpg,0
id_0ztqu05sh2a8j.jpg,0
id_10gekjcx26yu7.jpg,0
id_10xmisqifmnpb.jpg,1
id_10zte1vif5nq3.jpg,0
id_11udz3qrokt8s.jpg,0
id_14ck0mycohnrq.jpg,1
id_16cotxnq0qoa6.jpg,0
id_16kyc2v7gg2cv.jpg,0
id_17nhiabonivgh.jpg,0
id_17psh8ks6gq3j.jpg,1
id_1929lmm4i1olb.jpg,0
id_1932sfd6l5uvv.jpg,1
id_193d0gyj2ordw.jpg,1
id_1bkd7wk2x3qds.jpg,0
id_1bnj4jbcfelxr.jpg,0
id_1bwtawknx3qfq.jpg,1
id_1du8gb49isxwn.jpg,0
id_1fenyxdhnhpj1.jpg,1
id_1fwjbyp28sdqg.jpg,0
id_1gamgfhw43oby.jpg,0
id_1hqg8oldrutlq.jpg,1
id_1ig7xt9ny7znr.jpg,1
id_1jk5fy4vj6kxg.jpg,0
id_1k6hclhp4aavg.jpg,1
id_1keam3gcvhfnd.jpg,0
id_1kkfldth8byr4.jpg,0
id_1ku78vb49fbfv.jpg,1
id_1kuko2v3vzr23.jpg,1
id_1mb869zqr4cmo.jpg,0
id_1mdnyyzz0buu5.jpg,0
id_1mlth4n5j3o9k.jpg,1
id_1n554tmxcu1k3.jpg,0
id_1o3jn7o8x9eek.jpg,1
id_1oxqy6yc0a36z.jpg,1
id_1q0dbjxmo2vkw.jpg,1
id_1qb8dd084lnfr.jpg,1
id_1qeac2n7jqsyj.jpg,0
id_1qjurgfppscz1.jpg,0
id_1qxqknirypi5t.jpg,0
id_1rpemol44yenn.jpg,1
id_1s7wouqgxxmds.jpg,1
id_1u246jj5i44e0.jpg,1
id_1u2xr7kq6i001.jpg,1
id_1v8ojc4s1se5g.jpg,1
id_1vs968ctltm2y.jpg,0
id_1vug4ngz6pcjy.jpg,1
id_1wz6n169kmtl1.jpg,1
id_1ynzo9yq6w15a.jpg,0
id_1zb7uw9g20qkq.jpg,1
id_20a0eo72vl152.jpg,1
id_217nkv6cbfd44.jpg,0
id_21aad1havjimk.jpg,1
id_221zkl2t11j7v.jpg,1
id_234r6nez0lks6.jpg,1
id_254e4szhl2wyk.jpg,0
id_25avlu92voe3x.jpg,0
id_25x4n706bt7m6.jpg,1
id_25xzbsm43n7is.jpg,0
id_26il6x5rwo0zb.jpg,0
id_26t4c25cfq0l0.jpg,1
id_28fipkyzgipxf.jpg,0
id_28onqyvjzf3fw.jpg,1
id_29bagbm6eyiy7.jpg,1
id_2aamri2iv9w13.jpg,0
id_2bbmq7iya5k8o.jpg,1
id_2blnm1hgro2me.jpg,0
id_2d4nk63pjusym.jpg,0
id_2dpekt9vwpj3f.jpg,1
id_2dxxojkgmi46w.jpg,1
id_2e620juqulxjw.jpg,1
id_2e733fqnsb0g2.jpg,1
id_2ep9hhhwqgz2v.jpg,1
id_2gjj671qxdhwv.jpg,0
id_2hz0vpkwwb7we.jpg,1
id_2i42d174umdfy.jpg,0
id_2ifxqcozzjca2.jpg,0
id_2ivuxsdi6eq56.jpg,0
id_2kj7rpx8o1rg9.jpg,1
id_2m2ma1ksfdhdp.jpg,0
id_2m71fknietf9v.jpg,1
id_2mu4mrfiffztq.jpg,1
id_2n09tgq9m8n2q.jpg,0
id_2o6w8xtqx8m7r.jpg,0
id_2o7rikwplxgoj.jpg,1
id_2p9lr3yt64dt9.jpg,0
id_2qyjdhtbqhjos.jpg,1
id_2r3pobs77lx4t.jpg,0
id_2s0stqbj81dd5.jpg,1
id_2szh8dd89n66j.jpg,1
id_2tc5ktzzqiddr.jpg,0
id_2v38yeskbis7w.jpg,0
id_2vbzo5mt3kpm5.jpg,1
id_2wko61n9utak2.jpg,0
id_2wnqzf67pxv4o.jpg,0
id_2wogde7nabi75.jpg,0
id_2xhaay1w9lg2x.jpg,1
id_2xnjxuiilwldh.jpg,0
id_2yfpgjvapv71v.jpg,0
id_30wlu5w2n3x6j.jpg,1
id_31f2n0hujj3ck.jpg,1
id_31zelbsgxh3k4.jpg,1
id_32erdfi19y5zo.jpg,1
id_32sk2pu27t3d1.jpg,0
id_384ngamlzvdrp.jpg,1
id_38yue6v61dmsc.jpg,1
id_39kceoxojnl1t.jpg,0
id_3a2466r2f98ok.jpg,0
id_3b2ib40xj4v5f.jpg,0
id_3bjse2j11nvnh.jpg,1
id_3bopcjuydd165.jpg,0
id_3c3s0ihfv5l9c.jpg,1
id_3c5c6933060sf.jpg,1
id_3dvt54rzegs8v.jpg,1
id_3eqos9g03alfu.jpg,1
id_3fl84h2y62abk.jpg,0
id_3furtaxilc2c3.jpg,1
id_3gllyun0pd7wu.jpg,0
id_3gosl9cz9r38a.jpg,0
id_3gzkdugv79uvh.jpg,1
id_3hpdv2huh9vuy.jpg,1
id_3id4xvc3bdt0k.jpg,1
id_3ih6v6u1zmq86.jpg,0
id_3iii466us1pbf.jpg,0
id_3jrknmb6r0w0b.jpg,1
id_3jzlxkwn7xi4e.jpg,1
id_3lyn3mhbf7z9a.jpg,1
id_3mdpb04xe5jmg.jpg,0
id_3puzp48lduc2o.jpg,1
id_3sglmjvizby80.jpg,0
id_3swluxt7575l3.jpg,0
id_3tciiq7d5ph0e.jpg,0
id_3tco3dj81z8mv.jpg,0
id_3uhmowf3llvkg.jpg,1
id_3v4ein4owpdy2.jpg,0
id_3vf4bxm7i4m5r.jpg,1
id_3vrmbnarq30pa.jpg,0
id_3w42e3pd0khch.jpg,1
id_3wp2q8e8c5402.jpg,1
id_3xyaaakk3g6qi.jpg,0
id_3y25uuoa3cpiq.jpg,0
id_3yvg8cuhbijl0.jpg,1
id_3zqlsni55ycco.jpg,1
id_40gwx96unib6t.jpg,1
id_40x5zoailzbrh.jpg,1
id_42andomtpiaty.jpg,0
id_438spihs750kh.jpg,0
id_44q82lq0haq7s.jpg,1
id_46lzh8j99xcdy.jpg,0
id_46wzgticc3fpo.jpg,1
id_48cwtgvigr91u.jpg,0
id_48rzpbnfrzlwr.jpg,0
id_49gwmty0b1z46.jpg,0
id_49q4tviwi0uaz.jpg,1
id_4agr1n38y0k1v.jpg,0
id_4apcr2bgpvmj9.jpg,1
id_4cpjk7d64g38r.jpg,0
id_4dao9agpczwx9.jpg,0
id_4eu01gzyod4mq.jpg,0
id_4ewzo696r8kzv.jpg,0
id_4fbmgifuy7hwe.jpg,0
id_4g2pugodyee9l.jpg,1
id_4g8fo3a9f9079.jpg,1
id_4gueixwndhcp0.jpg,0
id_4hacz306vpwds.jpg,1
id_4hdkije8c3u4t.jpg,0
id_4i862gs5hx3uv.jpg,1
id_4k0m99o8zaxo5.jpg,1
id_4ld2ct048brn9.jpg,0
id_4lw0j4q0kmj27.jpg,0
id_4oz0klkc4nh08.jpg,1
id_4prjr1ax0nqxm.jpg,0
id_4qidre5ysenp5.jpg,0
id_4qjf4zounabr6.jpg,1
id_4rjsdxbraz64q.jpg,0
id_4t1cz4qdzskre.jpg,0
id_4t7prfr14b6r3.jpg,1
id_4u5s51m37267a.jpg,0
id_4ur6zld0ovojy.jpg,1
id_4vdsc6p3jugz5.jpg,1
id_4w8ekln92zwf6.jpg,1
id_4w8zhtp6qeivn.jpg,0
id_4xn38czhose5a.jpg,0
id_4xpfy7yyf90kr.jpg,0
id_4z4m6vfn3hlsu.jpg,0
id_4zntk189zs5ww.jpg,0
id_4zzgaxmslthoj.jpg,1
id_507td004a0ysb.jpg,1
id_50ztmmzeqexzu.jpg,0
id_512el3j6w3ve9.jpg,0
id_517x0jtn5bapq.jpg,0
id_5188qo9zn5rnz.jpg,0
id_52c9e421cq6xm.jpg,1
id_53i453nv3r7xq.jpg,0
id_5442m2c4hipai.jpg,0
id_547a423knr3vf.jpg,0
id_549xg9zfnyo22.jpg,1
id_54tokvu5obbvq.jpg,1
id_5509c5odsuxcb.jpg,0
id_55vvw3rumi972.jpg,0
id_5805ijtk30mjz.jpg,0
id_58o3gikmrtkba.jpg,1
id_595211n1if9zu.jpg,1
id_59t6rtalzj3zb.jpg,0
id_5akcrsw53teoo.jpg,1
id_5b6aep8ml9io2.jpg,1
id_5by9qvpxev9d5.jpg,0
id_5c21yvpd8ssmm.jpg,0
id_5evz1akr0gh64.jpg,0
id_5g6k2dxvd9h2e.jpg,0
id_5i0rrexeb7s7e.jpg,0
id_5i8thhzfqgw8c.jpg,1
id_5ii6r0q32r1fc.jpg,0
id_5k9hpwihkzlib.jpg,1
id_5luv25r1skc26.jpg,0
id_5oodhe7tpj3nb.jpg,1
id_5q1tqncnggvj4.jpg,0
id_5qee8v2h8aeuj.jpg,0
id_5qh5850963tkj.jpg,0
id_5qwvuk71zfxkb.jpg,0
id_5riby4jh3w2tt.jpg,0
id_5stbaum72zla5.jpg,0
id_5t5f8umvn6ico.jpg,1
id_5tc9v0wr60qo5.jpg,1
id_5tim94qfj3tzq.jpg,1
id_5tyvymk1iouct.jpg,1
id_5ul6bfmd13lq9.jpg,1
id_5x0yuafczupxx.jpg,1
id_5ytallvgun6n5.jpg,1
id_5z1fgcispaffh.jpg,1
id_5zcu77t4dqnvm.jpg,1
id_5zmy54ix4csdt.jpg,1
id_5zriicom4trxy.jpg,1
id_60b82e4efcdef.jpg,0
id_6196n4jlhpzmb.jpg,1
id_623ny8w6lm68f.jpg,0
id_627rg0eiz2phe.jpg,1
id_644g3jjlgcodr.jpg,1
id_674hbc3ittmpe.jpg,1
id_67b1whj5cnpka.jpg,0
id_67hxm9ykj2mo6.jpg,1
id_67zieejer9lbq.jpg,0
id_680tbqilvc74x.jpg,1
id_683idvwvv7gxl.jpg,0
id_6alozjlrb754q.jpg,0
id_6b4kb9mbedysn.jpg,0
id_6br3aj7wk02if.jpg,1
id_6bwlupp14guv7.jpg,1
id_6dneosc4jt18y.jpg,0
id_6f3zbhhfrayb0.jpg,1
id_6it1a2yselcgv.jpg,1
id_6j0c712gzs11m.jpg,0
id_6j47ob6dyzt3c.jpg,0
id_6jbwfolheu2qq.jpg,1
id_6jx17kch9d89x.jpg,0
id_6l87eu65t1xa9.jpg,1
id_6md1x8ywlmxe1.jpg,1
id_6md4kpn4v238y.jpg,1
id_6ntwxnxrb0jvo.jpg,0
id_6o9265kuq2gj6.jpg,0
id_6ocw6ebiyni1s.jpg,1
id_6oolke9155yfk.jpg,0
id_6owdj1e5x3r7s.jpg,0
id_6q3v16yz1z4qg.jpg,0
id_6qfs2rq6rvd9f.jpg,1
id_6tick650ccw0i.jpg,0
id_6tpewabrdmrk1.jpg,0
id_6u12fsztm6j0b.jpg,0
id_6u3jww201hnvu.jpg,0
id_6uq4ch18hugde.jpg,0
id_6v4pcmq943hir.jpg,1
id_6vj1e12x3t6ps.jpg,0
id_6vrxyfp80t66m.jpg,0
id_6vxfiikcd42i5.jpg,1
id_6y6jt4e79isup.jpg,0
id_6zej86vjl2ig2.jpg,0
id_6zu039j1wbu71.jpg,0
id_70m822p3c3w3y.jpg,1
id_717euwyhpevi3.jpg,1
id_719r4d6n20kjt.jpg,1
id_71m9s7wr15pj5.jpg,0
id_734crksk17onh.jpg,1
id_743i8dikg5j64.jpg,0
id_75m6xiajgrdsz.jpg,0
id_760i3w9rzz3md.jpg,0
id_76q4bnior5qee.jpg,1
id_77xufx5ybem6a.jpg,0
id_78owo7i8xcns7.jpg,1
id_78y8rknbyuffz.jpg,0
id_7ay1xspv035mx.jpg,1
id_7d09b6hjxjleq.jpg,1
id_7e4vie8pmnpdy.jpg,1
id_7g3buaf9drfh8.jpg,1
id_7gtr3u2vnecl7.jpg,0
id_7h7pc7a5unhms.jpg,1
id_7h9cczfvzifni.jpg,0
id_7he06tv7sexxf.jpg,0
id_7hhdpoe0zphec.jpg,0
id_7hiuowwhlm6ik.jpg,1
id_7hykzly2mao9c.jpg,1
id_7ihrnacrl4xz5.jpg,0
id_7iyn3rfwzi3wn.jpg,0
id_7j3mkhdkztmze.jpg,0
id_7jfh9x6f027u8.jpg,0
id_7jv7er6lzmx05.jpg,0
id_7l4tgkilmlqpv.jpg,0
id_7lf4zamn1rejf.jpg,0
id_7m9yfniwnzo6v.jpg,1
id_7mn9nhitss3pw.jpg,0
id_7mnfjuvdif8af.jpg,0
id_7nmu9sidre8eb.jpg,0
id_7qvmx4vdkewdc.jpg,1
id_7rcn63xndkvjo.jpg,0
id_7rrsumr4zqbqt.jpg,1
id_7s6etq1ytiqu7.jpg,0
id_7som0zqi1xb52.jpg,1
id_7szjpzeuf5iir.jpg,0
id_7tp19knb498vv.jpg,1
id_7w6mq88fn1lue.jpg,1
id_7y809de0ufp51.jpg,1
id_7z1c7gcqw6440.jpg,0
id_80ac1f7znd70t.jpg,1
id_81kml4nkrdzo4.jpg,1
id_81o2q0em66371.jpg,1
id_84o1mcr8sfxek.jpg,0
id_853wgvi6r08z7.jpg,1
id_86cu7flegyugt.jpg,0
id_86ueqhplubopl.jpg,1
id_87nnce3ivxi9a.jpg,1
id_89y2ofrj91mr1.jpg,1
id_8a8gdnliuudhk.jpg,0
id_8ai0xrxwb5fai.jpg,1
id_8c1c8yws2w0dj.jpg,0
id_8ccxbdelt2fk7.jpg,1
id_8cqxt083fw7tt.jpg,0
id_8czxo8ayd0zm0.jpg,0
id_8dbzhi77rbox2.jpg,0
id_8ddb8noh6211l.jpg,1
id_8fmm5wb3u3wx8.jpg,0
id_8g6535daydnzy.jpg,0
id_8h0vm1bkujids.jpg,1
id_8h6u8k23e3kl7.jpg,1
id_8hrxykaeqe3in.jpg,0
id_8i85r9vbp7ybi.jpg,1
id_8ipu7dgcm9h6j.jpg,1
id_8kcoeu6wbdac6.jpg,1
id_8kfrlp7a018po.jpg,1
id_8kiiaxakmtz7x.jpg,0
id_8kx841prr0l9x.jpg,1
id_8lt7tucyoc6fm.jpg,1
id_8lu3jv00bgt54.jpg,0
id_8m3d0k7q2pjus.jpg,0
id_8mcpxvlxir6rw.jpg,1
id_8nrzwyy8ayguo.jpg,1
id_8omjyyh6wqjcq.jpg,1
id_8oufs7mool8xl.jpg,0
id_8q6zpkddbg8kh.jpg,0
id_8uk7buv8ndd4z.jpg,1
id_8uwrhngwwkxkg.jpg,0
id_8vab2i9bccpq6.jpg,1
id_8vobv3w5wress.jpg,1
id_8vsbj5q7q7mi4.jpg,0
id_8wokmwfia7gku.jpg,1
id_8xpbm7ds4mx3a.jpg,0
id_8yz3q98vu9p8c.jpg,1
id_8zx9vaxs51r9c.jpg,1
id_90fomkucdsuoq.jpg,1
id_90g5fcjujpus0.jpg,1
id_90gfaoxeo9m00.jpg,1
id_92c39xhzktdtg.jpg,1
id_93i7iunfqrcev.jpg,0
id_93ole97l6trrv.jpg,1
id_94inoyrs28i5u.jpg,0
id_952z5nzlg58hi.jpg,1
id_953jy1ugemp46.jpg,0
id_95d1zstc3ah40.jpg,0
id_96snotywikcue.jpg,0
id_98h62ceb2eh6s.jpg,0
id_98ltjfmj9ph3k.jpg,0
id_98zec6pld7c8y.jpg,1
id_9aeil3tlvlwa2.jpg,0
id_9cjxmfdnolz72.jpg,1
id_9iy09nobj5qfr.jpg,1
id_9j0q23e7ck4u7.jpg,1
id_9j2frj5380oab.jpg,1
id_9j7g7qjn88csx.jpg,1
id_9kbti8gw2dude.jpg,1
id_9lg11pgnidu4s.jpg,1
id_9mq4x0z23trbh.jpg,0
id_9npk51fnacr6p.jpg,1
id_9otcxavdwi147.jpg,0
id_9ppo1mptopnvf.jpg,1
id_9qy13yxb71anm.jpg,0
id_9rhpv2uvvv1zk.jpg,0
id_9u765gje93870.jpg,1
id_9ujsbz6u4baiv.jpg,1
id_9vlffm1t79x4s.jpg,1
id_9vm9gs0f7tp4c.jpg,1
id_9wbeuhkza3u0f.jpg,1
id_9wehv4xmu1mpt.jpg,1
id_9x8mzxzbt50iy.jpg,0
id_9yskv5fw96mwl.jpg,0
id_a3sxq7nfuzsk2.jpg,0
id_a403s8ungh64f.jpg,0
id_a4t4q49wm9cwd.jpg,1
id_a5fxx27925aup.jpg,0
id_a5m56ansfqile.jpg,0
id_a8w2umfowm1bz.jpg,0
id_a94il3stybo5t.jpg,0
id_a9q161bhw8w91.jpg,1
id_aaerksg1ycse4.jpg,1
id_aalh9b0uleg7d.jpg,0
id_aan0so590ucat.jpg,0
id_ab4q8hnmfb1oj.jpg,0
id_abk3bq35icq4d.jpg,1
id_ablahayp25gow.jpg,1
id_ac0ocsauzdiov.jpg,0
id_ad3osyxwdczv0.jpg,1
id_addm95qdshnb1.jpg,1
id_aebzqosighquw.jpg,0
id_afj837sfbkspg.jpg,0
id_ag78ldpe8hqd1.jpg,1
id_ah6lq7k27qgmb.jpg,1
id_ahssj5raiklai.jpg,0
id_aiobjkxqfvfui.jpg,0
id_aiymnmy0u1pbu.jpg,0
id_aj2y163yhuxh4.jpg,0
id_ajlj3ihzivimr.jpg,0
id_akedqimdlwsah.jpg,0
id_alu5zupxl985u.jpg,0
id_am0vgxhemb5ol.jpg,0
id_ameo30zgat95c.jpg,0
id_ammlp7u66sklu.jpg,0
id_aodyvpl1u7mh6.jpg,0
id_aoqiimhj53h73.jpg,1
id_aor83k4x2qd70.jpg,0
id_ap29eype5vlzo.jpg,0
id_apt0dm4f43m0m.jpg,1
id_arj9up80ge8se.jpg,1
id_arl50eawxlk2r.jpg,1
id_arqbyust9zg7q.jpg,1
id_asm0jde2fuh5n.jpg,0
id_au6qnwzseymqr.jpg,0
id_avxl22e9slqb6.jpg,0
id_azh9y72jsn7ks.jpg,0
id_b05gr06ei43kg.jpg,1
id_b0afqt1dxbw4p.jpg,0
id_b1gt26s0d9bb1.jpg,0
id_b252czkcyqexe.jpg,0
id_b3mqc7ajzoprh.jpg,0
id_b4wphc7ar2p8e.jpg,1
id_b6fsf5mcrm0o6.jpg,1
id_b6ikok8kj76df.jpg,1
id_b6kmxymf8tf5k.jpg,0
id_b6vmxjsjzg3ro.jpg,1
id_b81lvmmt5bdzq.jpg,1
id_b84eujsg5ccbf.jpg,0
id_b8uzfz4kdzcwh.jpg,1
id_b8w0grut633a5.jpg,0
id_b9mk7kelm4pkm.jpg,1
id_ba0jzf7cdkwx3.jpg,1
id_bagm8wky64qo7.jpg,1
id_bamhtmr8dwgat.jpg,0
id_bbe24lai6mix5.jpg,1
id_bctt2d4ashcc6.jpg,1
id_bcxa93ovyp0de.jpg,1
id_bdwyj6bht20z3.jpg,1
id_beaxln4a4jg9o.jpg,0
id_betc05qcfvde7.jpg,1
id_bfr9jwpw9szgx.jpg,0
id_bg0nbkcilicdc.jpg,0
id_bgzhjgfscgv2s.jpg,1
id_bhaveu89rnkts.jpg,1
id_bhcpdpvbid3eq.jpg,0
id_bihzpoxkhl4ft.jpg,1
id_bkbvbgmvmulgn.jpg,0
id_bmghuh71yirwf.jpg,1
id_bmnp0jr1pp25e.jpg,1
id_bno40xjb14aev.jpg,1
id_bpura0otdc2ft.jpg,1
id_bpy1ggcriqpfk.jpg,0
id_bqdkogmm2dmvs.jpg,0
id_bqle44c0586ts.jpg,1
id_brab764hularp.jpg,0
id_bt2dzh4gzpe3x.jpg,0
id_bt2eld999zumf.jpg,0
id_bt99hon7v9tt4.jpg,1
id_btbjwasw2zeui.jpg,0
id_btj8bw4a41ofh.jpg,1
id_buj7dxow76lhb.jpg,1
id_bvppw9fvkdhbh.jpg,0
id_bvq7k9m1onkl7.jpg,0
id_bw85yk1npdfrz.jpg,0
id_bw8au80rh4ncu.jpg,1
id_bwkrzpgxg3chf.jpg,0
id_bwvdkdcfgf2le.jpg,1
id_bx003gsgtxlch.jpg,1
id_byagkuvk4diu8.jpg,0
id_byxcqfailboq0.jpg,0
id_bzcrt5g6h2w7m.jpg,0
id_bzo74g0i05e8f.jpg,1
id_c0s7dl840zn01.jpg,0
id_c1i74usx3upwm.jpg,0
id_c1jbrkxdhvuip.jpg,0
id_c2iydlizgc8e6.jpg,1
id_c2kjaxnx8a876.jpg,0
id_c3sjw089bw1dx.jpg,0
id_c4b1hvto6qyi9.jpg,1
id_c4me15o8ib8m7.jpg,1
id_c4otx5eybyeeh.jpg,0
id_c5477jo5u9o7r.jpg,1
id_c58uj6qzxpnfq.jpg,1
id_c5ikr6syi8k6n.jpg,0
id_c7eoqsg92i6wb.jpg,0
id_c7pm0tru19bhn.jpg,0
id_c7q7drtuc7oow.jpg,1
id_c81gd4luodn1h.jpg,1
id_c88v5tryviaaw.jpg,0
id_c8dimupwht4u0.jpg,1
id_c8tz90jpewyrc.jpg,1
id_c947k7bdeighe.jpg,0
id_c9b854hcigj34.jpg,0
id_cb8nfrwgdc7wm.jpg,1
id_cboxrvwzn9atv.jpg,1
id_cc5gjgyabkmg4.jpg,1
id_cdug7qpik3p17.jpg,0
id_cehs4se9t5w1i.jpg,1
id_cfpak4f94miui.jpg,0
id_cgybh1l8m3zp0.jpg,0
id_ciarmfxgnwczp.jpg,0
id_cj7np4ivllhfg.jpg,1
id_ck06weehrosg8.jpg,1
id_ckm5eei13gyn2.jpg,1
id_cl8tsriktn8p5.jpg,0
id_clyar53vq6mbj.jpg,0
id_clz6e3pov160x.jpg,1
id_cm3a1bx1dr9rf.jpg,0
id_cn22sssqux1sz.jpg,0
id_cnqt61b9yn84z.jpg,0
id_cnrqxxv8mz3sq.jpg,1
id_cp54h1kdzct0f.jpg,0
id_cqqhvwyqzlk1u.jpg,1
id_crhhncipd1bru.jpg,1
id_ct3zjr8jwran0.jpg,1
id_cu7nz194vu2xp.jpg,1
id_cucvulkmcdwmo.jpg,1
id_cwj7bppsfrh7b.jpg,0
id_cwxxkuyo07cet.jpg,1
id_cyi3dty3hdx5d.jpg,1
id_czw7lje4dcgqs.jpg,0
id_d16hwmowwlps1.jpg,0
id_d23s9ie75my5a.jpg,1
id_d3qqhn95abktf.jpg,1
id_d48gktk7tww3t.jpg,0
id_d5atvgsvr78lx.jpg,0
id_d6aubvhbthr4u.jpg,1
id_d6qf0z13why65.jpg,0
id_d8gvs6d9bzxgf.jpg,1
id_d8m0jq7hjc41m.jpg,1
id_d9kys0vwzxn6x.jpg,1
id_d9v4lt50u5rp8.jpg,0
id_db27ztm8aqz0l.jpg,1
id_db7e7htqobd6x.jpg,1
id_db9nvi79uf28j.jpg,1
id_dde1fvvaaycng.jpg,1
id_ddhdhrp9bpewg.jpg,1
id_delkwjq2a9kmx.jpg,0
id_dh28zc9hpar4i.jpg,0
id_djw032dunjar3.jpg,1
id_dkluop4pdaks7.jpg,0
id_dkqx69e6nblr7.jpg,0
id_dl16rrecch314.jpg,1
id_dmic7csaxcbdn.jpg,1
id_dml4btktt6ntn.jpg,0
id_dncyx171r7mhl.jpg,1
id_doc517ljgbdu1.jpg,1
id_dolsuqd72n810.jpg,1
id_dphuozuvmo8x6.jpg,1
id_dq2gvebs0scf0.jpg,0
id_dq4nsbftkpetp.jpg,0
id_dq6yfxngck7t9.jpg,0
id_dqhve8zxho4bs.jpg,0
id_dqmnb9lvbl6bc.jpg,0
id_dqp2mwfsa9v9x.jpg,0
id_dqvgsv8lq74nz.jpg,1
id_dr1twya6mjani.jpg,0
id_drots20o2k0m9.jpg,0
id_ds0f8f1279wat.jpg,1
id_dsfqaoey5kxsm.jpg,1
id_dsy2d4nmixq8a.jpg,1
id_dtfo94857hcbu.jpg,0
id_dtnybwx3rnb0i.jpg,1
id_dtqygc51jo775.jpg,0
id_dub314rps0oor.jpg,1
id_dw0v152dwaf2k.jpg,1
id_dxkkvosbnpsro.jpg,0
id_dxqji2ntskg75.jpg,1
id_dyfnxt9mpda14.jpg,1
id_dylo55jmrh273.jpg,1
id_e02atvonjuo0t.jpg,1
id_e08106jtf03mc.jpg,0
id_e3ahoaaztoyvx.jpg,0
id_e3orq5tv582mu.jpg,0
id_e51xcrr7x10qp.jpg,0
id_e5ojnfaxfdcst.jpg,0
id_e6i97lxil8vvf.jpg,1
id_e7n48a6gknbtt.jpg,1
id_e7ue61f73sbiv.jpg,0
id_e8emqw3sg5rde.jpg,1
id_e9c7jspn2hnba.jpg,0
id_e9ggdj6cp5gzo.jpg,0
id_ea16ilol57n4g.jpg,0
id_eabsgou02rfya.jpg,1
id_eal611h60yy7i.jpg,1
id_ebn2bfguvqtxo.jpg,1
id_eboula86j0hdj.jpg,1
id_edpni18js2rwj.jpg,1
id_ee07amcwhqkm9.jpg,1
id_eec0fz99kys75.jpg,0
id_eggq4w4yebub8.jpg,0
id_eh1n13gi64dry.jpg,0
id_ehfe3rgc4h8wp.jpg,1
id_ej25ezuyyvnh0.jpg,0
id_elq5cy0poxe6k.jpg,0
id_emdxo5bmtxzeq.jpg,0
id_envr2oi1l3pwv.jpg,0
id_eobqr753c6vko.jpg,0
id_eoxbmheg6a8aj.jpg,0
id_ep55wuxo5zqge.jpg,0
id_eptmzglbh9a67.jpg,1
id_eqygh2pv26wgr.jpg,0
id_etb6s9d7gw2yg.jpg,0
id_ex0ozykicq0zs.jpg,0
id_exluux9zpyo8w.jpg,1
id_expi6xb93gog1.jpg,1
id_ey7c5za56b96z.jpg,0
id_eyahzitqptkj8.jpg,0
id_ez27fhlo6cacu.jpg,0
id_ezn3igfi3c9aq.jpg,0
id_f0ajdub9j5zu1.jpg,0
id_f0gxjcj6j2cjb.jpg,0
id_f0ngeqgd5pz38.jpg,1
id_f0ynv1j9fwb9k.jpg,0
id_f1fy2d0gs2ad3.jpg,0
id_f5sota314971s.jpg,0
id_f7agttgjer99v.jpg,1
id_f7vst89z8u1iq.jpg,0
id_f7y6bmy2uu93s.jpg,1
id_f8hdrwb8xtd8z.jpg,0
id_f9zq0x13u5jg9.jpg,0
id_fbg8o03wq6arr.jpg,0
id_fc7e58blf5imx.jpg,1
id_fc88r8uw9siks.jpg,1
id_fcz09npn1vh9w.jpg,1
id_fee3rbhzqjtkl.jpg,0
id_few0gq7m1rh2v.jpg,1
id_fg5btvwbiydqm.jpg,0
id_fg90hfic5scaf.jpg,1
id_fgc3oint0acaw.jpg,0
id_fgjo6ltntad0a.jpg,1
id_fh2kwgq3m4xdi.jpg,0
id_fh59xi8v78vid.jpg,0
id_fj65dz0bfm6nt.jpg,1
id_fjqzup8inv4fu.jpg,1
id_fk1gfeklea27a.jpg,1
id_fkbursnmd6lhy.jpg,0
id_fkeyti6rgpz9t.jpg,1
id_fldfs3od8iiej.jpg,1
id_fly1qvjfosena.jpg,0
id_fqkgorbkkrjqu.jpg,0
id_frho7cme1l7n3.jpg,0
id_frq0fxqr9d42k.jpg,1
id_fsjt11uapkngc.jpg,1
id_fspepuc7dggss.jpg,1
id_fss3en1070lw9.jpg,1
id_fuawwlx605mxc.jpg,0
id_fugwd25lx65fu.jpg,0
id_fuu7stqdccffu.jpg,1
id_fvq5bzvbyud0y.jpg,0
id_fvtoyrkgg9dor.jpg,1
id_fy0wqi1lo4xrk.jpg,1
id_fz2exdxd2vu9x.jpg,1
id_fz8sramfobbi7.jpg,0
id_g0kxwkmi2763r.jpg,1
id_g0vrzgeepn3hl.jpg,1
id_g2cv1rwjk0kg5.jpg,1
id_g3yopo5mtks2e.jpg,0
id_g467is6ahtntt.jpg,1
id_g48ln6mcu53wc.jpg,1
id_g51vpxfuzkstj.jpg,1
id_g5iaf32dnyonr.jpg,1
id_g5sg9xcp0q2p2.jpg,1
id_g74x1hpxdr51q.jpg,0
id_g78wuv6ey0sdk.jpg,1
id_g7bgjaimf6x2m.jpg,0
id_g7keniq0gak98.jpg,1
id_g7y0hgg9fx5ue.jpg,1
id_gb4qbx23rlt3d.jpg,0
id_gbm4lo5r3cly1.jpg,0
id_gcc6pjqap9ymh.jpg,1
id_gcmun9dtvj71f.jpg,1
id_gcsivi1wczv2n.jpg,0
id_ge6fwz5xy29wz.jpg,1
id_ge6rxnwk1vmak.jpg,1
id_gevhzxyn8wdpf.jpg,0
id_gfxxyfttzbkpr.jpg,1
id_gfzdzhxp4ngud.jpg,0
id_gg5mg6imspmfj.jpg,1
id_ggjatx47cgjgf.jpg,0
id_ghqjgeaeohrim.jpg,0
id_gi5gwtdc78jsh.jpg,0
id_ginlv8ok6hjte.jpg,1
id_ginzjwstqkxnx.jpg,1
id_gmqia47j13x2t.jpg,1
id_gn0dxk8nwivp0.jpg,0
id_gn0qkwzgxluvb.jpg,1
id_go1k2meo24748.jpg,0
id_go3tyjsegwsma.jpg,0
id_gqywqz124048w.jpg,0
id_gspcnnv6qoc23.jpg,1
id_gsw7k8f8rn89n.jpg,0
id_gt6m3o6sd4w46.jpg,0
id_gtct9jkj66yl7.jpg,1
id_gthh5q3vkp6fg.jpg,0
id_gtx6bt1odt3rm.jpg,1
id_gvszwlq5bvzzv.jpg,0
id_gw0fmlzpz3u7e.jpg,0
id_gwbrip9x1c6qk.jpg,0
id_gwoxv96o62srh.jpg,0
id_gwzucihjbvydx.jpg,1
id_gzulg627k6b0k.jpg,1
id_h0379ohciqql8.jpg,1
id_h2pt183yx80kb.jpg,0
id_h3iht3itxs209.jpg,1
id_h4h5ys4nqao97.jpg,1
id_h661he0iciq7j.jpg,1
id_h73bxphip8pkj.jpg,1
id_h76dzeji53ssc.jpg,1
id_h8caaz8fvucq6.jpg,1
id_h8je4ma84iisb.jpg,1
id_ha5wrldavbit1.jpg,1
id_hbm5vt1po49os.jpg,0
id_hbu95lixz4si5.jpg,0
id_he22icb9mcjda.jpg,0
id_hf12k9fychc0q.jpg,0
id_hgj4e1danbuyp.jpg,0
id_hglswmq355xj9.jpg,0
id_hi5opocy2t54m.jpg,0
id_hkluz3hzucijh.jpg,1
id_hkvzxg3mlxt8k.jpg,0
id_hlh7epojyifzc.jpg,1
id_hlj0rx66i2by2.jpg,0
id_hnehpujo7k7vh.jpg,1
id_hp9iwnmk1qvj7.jpg,1
id_hpekhprillfrg.jpg,0
id_hpmd8u65stx4k.jpg,1
id_hq46xkjkr2282.jpg,0
id_hrfa7duix89jy.jpg,1
id_hrjgzmwcxdghb.jpg,0
id_hrtvqpwp40au1.jpg,1
id_ht8jmp4ey85rn.jpg,0
id_htj95sle0md2z.jpg,1
id_hu4ieqfb60t9r.jpg,1
id_hvbjrtppcjnmc.jpg,1
id_hvckaj6mecxcc.jpg,0
id_hx29ld93eqovc.jpg,0
id_hx34qf46b3pit.jpg,1
id_hxg512d8mjs0w.jpg,0
id_hxyyjhpsp42ye.jpg,0
id_i00do6l0o9za7.jpg,0
id_i0cpgzmd3ukgf.jpg,0
id_i1rr2425dcxvu.jpg,1
id_i2i6p6cbd7gc6.jpg,0
id_i2sq1rqsbzu4o.jpg,0
id_i3pkjy5rz1dn6.jpg,0
id_i3r0cdye1o3oq.jpg,1
id_i7t52yvo8xuvd.jpg,1
id_i9c7ufalyilql.jpg,0
id_iaygau3734z76.jpg,0
id_ibnu1oick4wb9.jpg,0
id_ibtzuusgneb7f.jpg,0
id_ics4zzgl3cun9.jpg,0
id_idiui46t6yooi.jpg,1
id_iex3drle0ke43.jpg,1
id_iey6o6dg1gz0c.jpg,1
id_igevd2urjgq37.jpg,1
id_igotyoa7e34kh.jpg,0
id_igqgwh6x3iwtw.jpg,0
id_igw8l8x8d6mxy.jpg,0
id_igwi7wfrwjzdg.jpg,1
id_ih7uxadn8kaho.jpg,0
id_ihayk9jl3wrm6.jpg,1
id_ihhx6ehjh4ez1.jpg,0
id_ihngnkq21s2o5.jpg,1
id_ii5dtqx4xkggy.jpg,0
id_ii7a2uio99ep4.jpg,0
id_iizntfytlvjt9.jpg,0
id_ilteikrk3uu5x.jpg,0
id_imeai99v6lxu0.jpg,0
id_inhpkqw9mepy5.jpg,0
id_ip7al22ppf9ud.jpg,1
id_ipsounf63s34u.jpg,0
id_iq48shvjeowe4.jpg,1
id_iqf31146kx0ew.jpg,0
id_irfe7w5424l8e.jpg,1
id_irzhdfdv8vl0u.jpg,1
id_ite4ftmwnpv2v.jpg,0
id_iun0mlalhiaxj.jpg,0
id_ivlgx5jwwytfw.jpg,0
id_iw80t4wti1d1f.jpg,0
id_ix89122pdtv24.jpg,0
id_ixw1xbrtidxms.jpg,1
id_ixy1xfvdnvgz0.jpg,0
id_iy7lcgeemkiej.jpg,0
id_j02lvl2c801on.jpg,1
id_j12vau3j5xcsf.jpg,0
id_j1qfkgnxvpoc2.jpg,1
id_j4xnqvs6337tj.jpg,1
id_j68qsn626kr01.jpg,1
id_j6ak1sgqdl061.jpg,0
id_j6wqos8a1qsdp.jpg,1
id_j7w0m22pg4tyg.jpg,0
id_j7zthxs15mjsv.jpg,0
id_j85tjvcsak47a.jpg,1
id_j9goz4q0aogw6.jpg,0
id_jadqpibclaegt.jpg,1
id_jbsenpt9kdof5.jpg,1
id_jbwdsxbwyfbw1.jpg,0
id_jcijwwp47g9r5.jpg,1
id_jcs6j34gli9z2.jpg,0
id_jhde5tb3fagqx.jpg,1
id_jiy3jes506onh.jpg,1
id_jk6v7xd0cttdg.jpg,1
id_jky2nl23l5syp.jpg,0
id_jlbv50rsebrvs.jpg,0
id_jnvm5mkstnj1m.jpg,1
id_jo6hwfwwk2cbq.jpg,1
id_joqt40k2wodry.jpg,0
id_jr50petp6c80l.jpg,0
id_jrwkgkso0b8at.jpg,1
id_js800e2lphnjp.jpg,1
id_jsuv68mvmt97j.jpg,1
id_jt1lxwoekmqd2.jpg,1
id_jtzoxjz7rnnvv.jpg,1
id_jugcl3qmo46x5.jpg,0
id_jvctnd0c6wch1.jpg,1
id_jvfpr557t6464.jpg,1
id_jvh4mthx1pife.jpg,1
id_jwhkf97qp1p67.jpg,0
id_jwjiu40q0w4c6.jpg,0
id_jxksq1uttzxd1.jpg,0
id_jyosz9niuiwp8.jpg,0
id_k0du7a8l0y1bd.jpg,1
id_k16p2x5ho9nqn.jpg,0
id_k1l1rcv3yjf0b.jpg,0
id_k1ujm45lm3ob6.jpg,0
id_k2f6jc6s77rsx.jpg,1
id_k3u1a780jismo.jpg,1
id_k4kei1ztdmou8.jpg,0
id_k4o54dezzast8.jpg,0
id_k4wadncguobiq.jpg,1
id_k4wcvzibn3vwp.jpg,0
id_k57e2mvlso4zb.jpg,1
id_k5kr7sc1rf33w.jpg,1
id_k71qe83p5vs01.jpg,0
id_k7onz06kvbmwn.jpg,0
id_k7xl94lwmsycd.jpg,1
id_k8mqlqn8s0lq1.jpg,1
id_k92cumni2dcyy.jpg,1
id_kagm9uvnvnhud.jpg,1
id_kcwa5kfmaqjz1.jpg,1
id_kcyxhq5j9baae.jpg,0
id_kdv7pqp2l5mdp.jpg,1
id_ke5tsr8dm5yzm.jpg,0
id_kej7y3wqoxrfn.jpg,1
id_kf6i0vjvch27n.jpg,0
id_kfgwjhev5jme1.jpg,0
id_kfsjh1c8gl153.jpg,0
id_kh7hyqz3hxrzq.jpg,0
id_khdl5bcbapunj.jpg,0
id_khn895co777n9.jpg,0
id_khuamyvb1x3j3.jpg,1
id_khvhylz9lfnmq.jpg,1
id_kih8rjma49opm.jpg,0
id_kje9m2aszbu75.jpg,1
id_kjnzg3y3eusdu.jpg,1
id_kl493gm6a3eeq.jpg,1
id_kliyvrs3vtipx.jpg,1
id_km3e2gf0rxjzl.jpg,1
id_knalu4wqj8zol.jpg,0
id_ksfsufhhezanq.jpg,0
id_ktv8tep9fkmf6.jpg,1
id_kw6qtxkwb06wh.jpg,1
id_kxir2wfcyithy.jpg,0
id_kxqn8dxwisimd.jpg,0
id_ky7dcoqu33yvf.jpg,1
id_kycdhidtpon1f.jpg,1
id_kydbg8aoxr7d9.jpg,0
id_kzjklwudtx07l.jpg,1
id_l0ixbvwq85220.jpg,0
id_l157jdokx289h.jpg,1
id_l1edp9a84mmi8.jpg,1
id_l2x94xjzv2guy.jpg,1
id_l4esq0h8obfqs.jpg,1
id_l4ryeo0gfdzcu.jpg,0
id_l51m20zbfuhoq.jpg,1
id_l571576apqm1l.jpg,1
id_l5cpo597vptk5.jpg,0
id_l5jq22jfqmawp.jpg,1
id_l73bfqhr27lhe.jpg,1
id_l7h4pjaon88yh.jpg,1
id_l8aborzv867pc.jpg,0
id_lb089f8m2ntoo.jpg,0
id_lbm3hvcv05cvg.jpg,0
id_leng58lr88ug7.jpg,1
id_lf5jv33t45cug.jpg,1
id_lfdpo1bnkd163.jpg,0
id_lfk0ge46n0bye.jpg,0
id_lfv1tk9eoiluj.jpg,1
id_lh9jjmdo55viu.jpg,1
id_lhek1lg1em2rw.jpg,0
id_li59x2dxmqpe9.jpg,1
id_litzliv9dgqhm.jpg,1
id_lja1hypyj1w43.jpg,0
id_ljr8s05p2k3ud.jpg,1
id_lkb57e8xwg2xv.jpg,1
id_lknkqfxhdozm1.jpg,0
id_ll6z9xzsud4ix.jpg,0
id_llyf375wsk4k3.jpg,1
id_lm4mi5dk3jlxp.jpg,1
id_lmxht9utayqde.jpg,0
id_lomusv4w592k1.jpg,1
id_lp4lvg9kqqsdm.jpg,0
id_lpl3lgxa55xgg.jpg,1
id_lqsndham352gd.jpg,1
id_lr7qsopf3pcev.jpg,1
id_lsixkp5df0ik9.jpg,0
id_lsyojrn24gf2g.jpg,1
id_lu1baibw5yyqp.jpg,1
id_lw8tw4w9dke2h.jpg,0
id_lx1pe3tz50dg5.jpg,1
id_lyd5m8ffmqmcz.jpg,1
id_lyrhnwk2razic.jpg,1
id_lzb1b68utxqc9.jpg,1
id_lzbpwpok8lsp0.jpg,1
id_lzqteskv0wkoe.jpg,0
id_m0c7m33j0ji1a.jpg,0
id_m18qhzwwzwzfu.jpg,0
id_m1di6rfq5qr0c.jpg,1
id_m44kiji628895.jpg,0
id_m4rvt7xk4o500.jpg,0
id_m4yhsb94ydp1d.jpg,1
id_m5bqmwt8jn00b.jpg,0
id_m5uvpepdg5fz6.jpg,1
id_m6aqbb1wolqou.jpg,0
id_m7hfatxbaak99.jpg,0
id_m8kic23imsarv.jpg,1
id_maue1bbx4igux.jpg,0
id_mb7mueb58of6q.jpg,1
id_mdcqj5ujh82gq.jpg,0
id_me3ikxbvg1pdv.jpg,1
id_meqd1otqe3e3s.jpg,0
id_mfod9pfs17y4q.jpg,0
id_mgh2bgtfs47tl.jpg,1
id_mgyrblep19lxb.jpg,0
id_mhgx9hbqseje4.jpg,0
id_mhms3jkto7bz6.jpg,1
id_mhwsjzmaacaeu.jpg,0
id_micmqems98pps.jpg,0
id_mj1nud27n3jmr.jpg,0
id_mj4uwr8uql332.jpg,1
id_mk8l6y03hk7wc.jpg,0
id_mkw641kyr44pw.jpg,0
id_mmap60t51zocq.jpg,1
id_mnlynro31eg4o.jpg,0
id_mo6h1betddzww.jpg,1
id_mohsofeec4g4o.jpg,1
id_moldmtn85ogzs.jpg,0
id_mp1ghka4k49u7.jpg,0
id_mp9rvtsgcbma6.jpg,0
id_mpj645unlvb6k.jpg,1
id_mrw2jdgu74r44.jpg,1
id_mt96ikl3ma7hn.jpg,0
id_mtzxt7oqvgxjz.jpg,0
id_mupfnye1hfcbm.jpg,1
id_muxwkqufpj9ik.jpg,1
id_mv17msxvxm93c.jpg,0
id_mvk2ufe6ozfkf.jpg,0
id_mwxowr4gx32gd.jpg,0
id_mwzvqq0v75unh.jpg,0
id_mzb75cadyzikx.jpg,1
id_mzpsbdqnogev5.jpg,1
id_n0c97hjq5j8xs.jpg,0
id_n102pptl67892.jpg,1
id_n1m3zan9ye09t.jpg,0
id_n1zi1zqy341sb.jpg,1
id_n1zv0dhs6ash8.jpg,0
id_n20x7hcm1vq56.jpg,1
id_n5rxe0bma9t45.jpg,1
id_n7ei1d11vgjoq.jpg,1
id_n7fa5fsvh5c76.jpg,1
id_n8vqxwspbr1kc.jpg,0
id_n8xnqx8olmteb.jpg,0
id_na3t8pd9xvuwe.jpg,1
id_nar76lo6flkkt.jpg,0
id_nc8tryokalj7h.jpg,0
id_ncnclx9py6t4g.jpg,0
id_nd5wm30lzo8uf.jpg,0
id_neu8685lzvtk3.jpg,0
id_nfev93scupjer.jpg,1
id_ng6obm73ht371.jpg,0
id_nggxx21zzbhpo.jpg,0
id_ngu3721bg8p3x.jpg,0
id_nht6wadgptjtl.jpg,0
id_niv578ddskdzf.jpg,1
id_nmufggtmcmbm9.jpg,0
id_nmx16jwt2fq6n.jpg,1
id_nnvo23bjwy1hm.jpg,1
id_nnwq5wcuada28.jpg,0
id_no00r8b11xvdy.jpg,1
id_noci1hr2u19cp.jpg,0
id_nprlf5w1x4onk.jpg,0
id_nqj5ov0wc577m.jpg,1
id_nsjjyitwouzcp.jpg,0
id_nslbalxvkydmg.jpg,1
id_ntoum7u5w61me.jpg,1
id_nuyz7ndtc4pfy.jpg,1
id_nv2bio83qo5ig.jpg,1
id_nwpmrzc0omr6l.jpg,1
id_nxp6d4nr9zmkp.jpg,1
id_nxthr92m5gsw6.jpg,0
id_ny2nyfsba6w3e.jpg,0
id_nz4wdm78gkkgc.jpg,0
id_o0bt4byin7znn.jpg,0
id_o1bx9cyds1f0u.jpg,0
id_o1fuh9fqw3706.jpg,0
id_o1x74llbeobdt.jpg,0
id_o20agna9okztq.jpg,0
id_o250sf9jyjwfc.jpg,1
id_o2uk6zcheihrj.jpg,1
id_o3gml8twrqodw.jpg,0
id_o3t9wad3o7a7t.jpg,1
id_o5103avsvtnyn.jpg,1
id_o6cnd11rn4rq6.jpg,0
id_o6cplvkwh9l94.jpg,0
id_o6wkqvprc953g.jpg,1
id_o7pefnphf9mtt.jpg,1
id_o91velbur5ppk.jpg,1
id_o9geiqe3p59ur.jpg,0
id_o9k8glusd3smu.jpg,0
id_oaorwz63o5d04.jpg,1
id_ob8r7knkqaxoz.jpg,0
id_obsf8addi0fih.jpg,1
id_oc755vtoxap4e.jpg,0
id_oc83c2ipgun81.jpg,1
id_ocalkg1tde1rf.jpg,0
id_oceuntxf3w5ls.jpg,0
id_ocnefmqc6rguu.jpg,1
id_odtnugdfj6ru4.jpg,0
id_oevtv5zqo4hxy.jpg,1
id_of3dyrjhjl0s1.jpg,1
id_ogqb4vfxlzl9h.jpg,0
id_ojovdzt0iwqm2.jpg,0
id_ok3sgl8jyll5s.jpg,1
id_okdj201z1xuhu.jpg,1
id_ol05xhxsodi72.jpg,0
id_oliuws81qvj7v.jpg,0
id_om0r2ey046eeb.jpg,1
id_om32lawwigx9t.jpg,0
id_omdvqjf1ubgbd.jpg,0
id_on429d1h0x0o7.jpg,0
id_opcs2nek37cp8.jpg,0
id_oqgpbauqe3d8j.jpg,1
id_oqt1uyrzy2uql.jpg,0
id_or529iftfmaev.jpg,1
id_ormmv91t0i7zz.jpg,1
id_otp2yszq6x6yq.jpg,0
id_ovzcja3mnzka0.jpg,1
id_ow6060vd2s3ew.jpg,1
id_oxklns7bzac7t.jpg,1
id_ozczwbo7lro55.jpg,1
id_oze308tiaci37.jpg,1
id_p0pna27fxxyqk.jpg,0
id_p1gi53axpcchr.jpg,1
id_p1l7vcbvombnb.jpg,0
id_p2e6n0r58tb5s.jpg,1
id_p2wmhad60dl73.jpg,1
id_p3g5ui7mo43qq.jpg,0
id_p5idkli3gy24q.jpg,0
id_p7w62qe7if7ow.jpg,1
id_p8r5b992t2ev9.jpg,0
id_pb1nv9t4e6qh8.jpg,0
id_pb4zi6q3ig7wk.jpg,1
id_pcftoz9399hfa.jpg,1
id_pcg4dcmgr9m21.jpg,1
id_pcyrkmeq309gv.jpg,0
id_pf6srad06rhvg.jpg,1
id_pg7to98xw1lxl.jpg,1
id_pgheebzqj1477.jpg,0
id_pi2cyxbopv52z.jpg,0
id_piicimj056911.jpg,1
id_pj7lq4o5in1hg.jpg,0
id_pl1s8y9tzrq9i.jpg,0
id_plcwdq9sgrn2f.jpg,1
id_pluo1hk6z6fs2.jpg,0
id_pn1r9qkhu9566.jpg,0
id_pnujn9u2movpz.jpg,1
id_pnymylmfb0qp3.jpg,1
id_ppykr0nhj0w99.jpg,1
id_pq0vn9yyam6s6.jpg,0
id_prjn3rkhgp7hb.jpg,1
id_prv3xv70qaydl.jpg,1
id_pthnvt4do806c.jpg,0
id_pto0nbdr34jco.jpg,0
id_pv22q3cqkwrc0.jpg,0
id_pv52t7gaj2zej.jpg,1
id_px346gkjviqi5.jpg,1
id_px3z0axgt3mac.jpg,0
id_px7og8dor1j10.jpg,1
id_pxk63chiqqmco.jpg,1
id_py29dkwm3cb7w.jpg,0
id_pzm1ra86stmno.jpg,0
id_pzt1gzmqc5et2.jpg,1
id_q0qre5p4u1ho5.jpg,0
id_q0z3cuvgalsz1.jpg,1
id_q187zxgcs1alw.jpg,0
id_q1bt5cmq8r9tm.jpg,1
id_q1h3z7woejqja.jpg,0
id_q21p78wyt4eg6.jpg,0
id_q3ovf6rztrryi.jpg,0
id_q60dmnxu9cgjl.jpg,0
id_q7p04dk03f3cy.jpg,1
id_q7p5dac3tv71k.jpg,0
id_q85eot0qe1jd8.jpg,1
id_qbkjodxmru88r.jpg,1
id_qed98fxjw5zba.jpg,0
id_qfbt6c6z8adg1.jpg,1
id_qg6284f8n2nm8.jpg,1
id_qgglsrcznbi6w.jpg,1
id_qgnbheymczve5.jpg,0
id_qhwmadxygmlow.jpg,0
id_qi7of1jyzwz99.jpg,0
id_qi7p310ew2x3x.jpg,1
id_qiqokvsssz16v.jpg,1
id_qiwnanu6ffxmw.jpg,0
id_qj5yi3xxeuo0x.jpg,0
id_qjacosx8nj4vn.jpg,1
id_qjt10dhapnaru.jpg,1
id_qkd2ve7bju5je.jpg,0
id_qmpj5k1enkcwb.jpg,0
id_qnv83lujth62s.jpg,1
id_qp2a5iqm3yy9d.jpg,0
id_qpzwhu1h68drl.jpg,0
id_qqrurqparsz2i.jpg,0
id_qsddzhtz3y4vi.jpg,0
id_qtgas0b40lwa3.jpg,1
id_qupguxb0a8bm7.jpg,0
id_quyd7063tp1hg.jpg,1
id_qv2y1tpdueemf.jpg,0
id_qvo6487b6s612.jpg,0
id_qwgm6eouwocry.jpg,1
id_qyy886qhqcrz4.jpg,0
id_qz8h0v4ozzai5.jpg,1
id_qzallt4zmqv3g.jpg,1
id_qzl80dbw4suz1.jpg,0
id_r0a3nlhuq0tl6.jpg,1
id_r31ybh4kt044n.jpg,0
id_r3cpyyr8mskx7.jpg,0
id_r4dpsku3al3gg.jpg,0
id_r5r81qz12xdr2.jpg,1
id_r775hkt9cww93.jpg,0
id_r7j52olorco4y.jpg,1
id_r7jiwwt7afhcy.jpg,0
id_r8msamfl0v3l8.jpg,0
id_r923ydze8cwgy.jpg,1
id_r9iui75ft1fus.jpg,1
id_r9v2bbcspws8j.jpg,1
id_raetjln0an8ej.jpg,0
id_raf1yx4a5v812.jpg,1
id_rbggm376kqkln.jpg,0
id_rcfrv3mn6d22s.jpg,0
id_re2krpu790eqs.jpg,0
id_rebhv1t26om8n.jpg,1
id_rel4xqs8k7ogz.jpg,1
id_rhvq0ajvtzl5z.jpg,0
id_ri7dvpz3ab207.jpg,1
id_rinr4ilicj42k.jpg,1
id_rlk4filfptqmn.jpg,1
id_rlrsokwkk6618.jpg,0
id_rnxoija3mna95.jpg,1
id_ro9fen2tuz5se.jpg,1
id_rpd7mvbvgqg7e.jpg,0
id_rpx1oa0mo6jkq.jpg,0
id_rqu358u040d4d.jpg,0
id_rr71j1051u5xl.jpg,0
id_rrogwrozpe3fj.jpg,0
id_rsct9dst5gjc2.jpg,1
id_rtb9ce9f9qjxu.jpg,1
id_ru2atm187gp7u.jpg,0
id_rv1lajje5eyt1.jpg,1
id_rw5w0dvaouck0.jpg,0
id_rwdztqq95vvs0.jpg,0
id_rykuqfon717io.jpg,0
id_ryqws0pnyyeu9.jpg,0
id_s08fozpzsvzzg.jpg,0
id_s0lnja9bh6h8m.jpg,0
id_s0t0k2mqny4x6.jpg,1
id_s2tvkgvrlf4u7.jpg,0
id_s31fd2jagj5n9.jpg,0
id_s3q98xdgb64hn.jpg,0
id_s4m2y36vj5uxr.jpg,0
id_s51g0tkd6d0iy.jpg,0
id_s5avfxblpaxe3.jpg,0
id_s6u08xkvkb8hr.jpg,1
id_s76uru1g09t7r.jpg,1
id_s9f1tl6f5v3tc.jpg,0
id_s9m2fjxr0xbxc.jpg,1
id_sb8m9rzcmht47.jpg,0
id_sbg1ctt4x7xyd.jpg,1
id_sbmhzm4hksp18.jpg,0
id_scy37ceyh0226.jpg,0
id_sdauouehfwbjd.jpg,0
id_sdj80awlu7khc.jpg,0
id_sdnvcyype5pwy.jpg,1
id_se2jsx6fcuh8p.jpg,1
id_sg4u9smn1hm4a.jpg,1
id_sgvacty6mmrl2.jpg,0
id_shlynsw4tfeoe.jpg,1
id_shox37tnf8y6x.jpg,0
id_sidpf5z0vofrn.jpg,0
id_sji0kvfj77mlq.jpg,1
id_skgialu6lpcid.jpg,0
id_sle09gmjpm83d.jpg,0
id_sm1lfc897sa9m.jpg,1
id_sn2ue23bkbvgp.jpg,0
id_snxzpj8b1xvi7.jpg,1
id_sowar152jcmtz.jpg,0
id_sp24ia9u5ihvp.jpg,1
id_spwes25okmyn4.jpg,0
id_ss2hwefeuiriv.jpg,1
id_stijkyyam2ejw.jpg,0
id_stje1bf0orio7.jpg,1
id_su39d83zpkl9i.jpg,0
id_suba0cr032k15.jpg,0
id_sug17gkrl15hb.jpg,0
id_sv2c3e20qkgnc.jpg,1
id_svuodnmpqaddc.jpg,1
id_swnxvp6pjavsg.jpg,1
id_syx1wpjgdof93.jpg,0
id_szmplf7t7x6zq.jpg,0
id_szuw1qvdgc48j.jpg,1
id_t02a64c6rd2jh.jpg,0
id_t0x4ka85ke65i.jpg,1
id_t11y5fiwqu3hb.jpg,0
id_t1wd1qwouehcj.jpg,1
id_t2a4rftscn1te.jpg,1
id_t2iye33ohf533.jpg,1
id_t2v6mt4n8sr1a.jpg,0
id_t2x23m3ukx8ki.jpg,1
id_t4326vw0pcexe.jpg,1
id_t4531fw3btky1.jpg,0
id_t531jpbvqz9an.jpg,1
id_t5rzetbcbflop.jpg,1
id_t6u00wgsy6qel.jpg,1
id_t87e28ebzqtbr.jpg,1
id_t8x3748qodc1x.jpg,0
id_tbjwzwd49x6mt.jpg,0
id_tcavm0fx532uy.jpg,1
id_tch62v4okgt86.jpg,1
id_tessi62is6921.jpg,0
id_tfnfob7v49w87.jpg,1
id_tfu872narassb.jpg,0
id_th3emyvy6zfuu.jpg,1
id_ti7g8gm08f7ar.jpg,1
id_tjic5doumod9v.jpg,0
id_tjl19ba1vw3ka.jpg,1
id_tkztm0kz0gy38.jpg,1
id_tlc0je6w5lija.jpg,1
id_tlv1adsz40lhk.jpg,1
id_tmezwp408olwr.jpg,0
id_tmlxqg5cvsr41.jpg,1
id_tmob7zb5jwvuy.jpg,1
id_tmy30apfeirgi.jpg,1
id_tnch2l9gaan8g.jpg,0
id_tnu5mnuom0coj.jpg,1
id_to5y2gkk7rrt4.jpg,1
id_toasethei0myq.jpg,1
id_tse5j8jxcd928.jpg,0
id_tudsre7grddua.jpg,1
id_tulmwugj6xq9r.jpg,1
id_tvgeivmgllyd6.jpg,1
id_tvpi116x40o0z.jpg,1
id_tvsoft54b9bw1.jpg,1
id_twclokbuboiuu.jpg,0
id_twsm17ktubqyj.jpg,1
id_tyez3glwtmsoy.jpg,1
id_tyihhi2pcjx3t.jpg,0
id_tz0fr9v7hck7s.jpg,0
id_u1ekhhrft7t40.jpg,1
id_u1n7pqg4cyhej.jpg,0
id_u287v0rdxi6t8.jpg,1
id_u29cvyzx230ib.jpg,0
id_u2hlhskic2oo1.jpg,1
id_u2wgnp9iw4ehe.jpg,0
id_u38ykwkmjzzsj.jpg,0
id_u3q378gy2dyrh.jpg,1
id_u408yncx09yo7.jpg,1
id_u4bwphhvqauvh.jpg,0
id_u4mpbe1x41cii.jpg,1
id_u4nhse683nsbs.jpg,1
id_u4y856vontd1r.jpg,1
id_u5wm87oauh4wa.jpg,0
id_u6ank474q27r2.jpg,0
id_u6fq6g44z7jv1.jpg,0
id_u7febi13p01bh.jpg,1
id_u7xa9m5nd97gv.jpg,0
id_u82varazs54j5.jpg,1
id_u91wajtox94zm.jpg,1
id_u98wdtquu57ce.jpg,1
id_u9fhpedsvxez6.jpg,0
id_u9hbloc497vz6.jpg,1
id_ubsgt36m5xab2.jpg,1
id_ucex1pouu6eul.jpg,0
id_ucr37u9c7w6et.jpg,0
id_ufa8yvadeoaov.jpg,1
id_ufzjqr8ou3wsc.jpg,0
id_ugw6oicm63dxn.jpg,0
id_uhztbx2cxw662.jpg,1
id_ui1ewzv277kvk.jpg,0
id_uj4lokl5qtagr.jpg,1
id_ujcc7pt137ucj.jpg,1
id_ujcya9wvenk1j.jpg,0
id_ujng743gsjs02.jpg,1
id_ukask44iuaaj2.jpg,1
id_ukf2etwrvahyf.jpg,1
id_uld1uc3deuj58.jpg,1
id_um88ida42qxcl.jpg,1
id_ung6jw04sez8j.jpg,1
id_unmlah3738aq8.jpg,1
id_uomfbzzahl4rn.jpg,0
id_upk03qcl9ziz3.jpg,1
id_upt9r6as8yttj.jpg,0
id_urjog7xgjo7sf.jpg,1
id_uu0az4kkj0lou.jpg,0
id_uwebmkgx3oi8i.jpg,1
id_uwla9a9tqtafk.jpg,1
id_v09kxwx5bp87u.jpg,0
id_v0lum9tv2aa7a.jpg,0
id_v0rt6r75rgx0z.jpg,1
id_v19z66pjy0112.jpg,1
id_v2i1ugc9n7b9w.jpg,1
id_v2mqckjq9mwep.jpg,0
id_v38vrc5nn7we5.jpg,1
id_v3tf21jpfkvvv.jpg,0
id_v64pppkps94wy.jpg,1
id_v7o0hznywd12p.jpg,0
id_v8t1oo8gy4nxr.jpg,0
id_v95o2no07oy6o.jpg,1
id_v9ad37yxfh06z.jpg,1
id_vami28z7ikh0w.jpg,1
id_vazolhxymcu7n.jpg,0
id_vehazddff9aqu.jpg,1
id_vey0xrol8wag6.jpg,1
id_vf2yk5tvvs6ug.jpg,0
id_vf502uv50fh0w.jpg,1
id_vf7jjnjt3i9u7.jpg,0
id_vffzdsxrv1zel.jpg,1
id_vfzj7rbzbhejy.jpg,1
id_vg7qtctltyvfx.jpg,1
id_vg9s0hcbkeium.jpg,1
id_vhbqipasvp2ja.jpg,1
id_vhoz27a8janou.jpg,0
id_vi9570nvdkd5i.jpg,0
id_vi9lw9livn0qk.jpg,0
id_vih6c9ebaji56.jpg,1
id_vilhznvxqshcj.jpg,1
id_vj9l5vdt6jftx.jpg,1
id_vjb4bao0kakdm.jpg,1
id_vk5mppmyfz56e.jpg,1
id_vketonaghi7sz.jpg,0
id_vli9mzd16o1ka.jpg,0
id_vmfmq269v9f57.jpg,0
id_vn7pnrd5iua7g.jpg,0
id_voj2bp5wq8ev7.jpg,1
id_vq0vjzhbjg74a.jpg,1
id_vq9j6mikevey2.jpg,1
id_vshcnuosnjsr8.jpg,1
id_vttigszg7boaj.jpg,0
id_vvd8fiku0zntg.jpg,1
id_vvs9fkaii34fd.jpg,1
id_vxki9bpi0lx8x.jpg,0
id_vzn959ukddet8.jpg,1
id_vzneivfzlkdyd.jpg,1
id_w0gc08p0bynmv.jpg,0
id_w1fpsw0u8b8gy.jpg,0
id_w1gwu79b31dqk.jpg,0
id_w1kkb2sx41zgi.jpg,1
id_w22416lfif7nr.jpg,1
id_w3seuf4uunep0.jpg,1
id_w413dkn5nsew1.jpg,1
id_w43yct7e8y129.jpg,1
id_w4uwhesg9npnu.jpg,1
id_w52f7kcglg81t.jpg,1
id_w5u7t4jqahmvh.jpg,0
id_w69qxg8f9yo3e.jpg,1
id_w6nxtpm89ece7.jpg,1
id_w8n2p7fjtj4ei.jpg,0
id_w8oz3n68pwwj2.jpg,0
id_w8z4rkqhx14va.jpg,0
id_w9aqgz6fj6hlj.jpg,0
id_w9eresa5kpq71.jpg,0
id_waktmy0mec7zk.jpg,1
id_wddlv3gtw5mke.jpg,1
id_wed900lz1naik.jpg,1
id_wedtfsnqw0ks6.jpg,0
id_wexs60jmjblfx.jpg,1
id_wfiwlxsy6gjqs.jpg,1
id_wgd6xy640se3y.jpg,1
id_wh5dsj6o9mtu6.jpg,1
id_wify2mna0jq0z.jpg,1
id_wio7vox1i6e2h.jpg,1
id_wjlmf2csbr727.jpg,1
id_wjroqibhcrhgo.jpg,0
id_wjxqf00rcd4o3.jpg,1
id_wkb87p0a5qpgb.jpg,0
id_wkk2rg5051wkq.jpg,0
id_wle81v3tofk4s.jpg,1
id_wmd839qbztxkr.jpg,1
id_wn5ssc3htzt03.jpg,0
id_wnsf9aza108jr.jpg,0
id_wpm60e0pxu01d.jpg,0
id_wqk6phlzkq8bj.jpg,0
id_wqzn3nejumdx4.jpg,1
id_wr84t5a8conpc.jpg,0
id_wr9m58tek1qaa.jpg,1
id_wsasfk5bkj7au.jpg,1
id_wteqhjehzy279.jpg,1
id_wts2vm2xoy5zv.jpg,1
id_wugut57umd4m8.jpg,0
id_wvgm9evv23pp5.jpg,0
id_wweaiqyj0qo5w.jpg,1
id_wwefo2hzu9yhb.jpg,1
id_wxgqt9c5zrfd2.jpg,0
id_wy7wo8s8m930s.jpg,1
id_wzbgy4pzb3f3w.jpg,0
id_x0ap2gwtdiyfi.jpg,0
id_x0bxs8798kbj0.jpg,1
id_x0d0zmm0prx7j.jpg,0
id_x1ct0s0j1p5o3.jpg,0
id_x1qae8o8guekr.jpg,0
id_x1r63dwty0dj6.jpg,1
id_x1y6ms6py2l2n.jpg,0
id_x294o5smo5dml.jpg,0
id_x2i1fs12acvcv.jpg,0
id_x31ox810j7x2e.jpg,0
id_x41w7fzz3kw2e.jpg,0
id_x4o3r8goehlab.jpg,1
id_x605kbicpusz4.jpg,1
id_x68ns4oamnzkt.jpg,1
id_x6ovymbj0jjln.jpg,0
id_x70shlfbuftr8.jpg,1
id_x7xig8u9xneyf.jpg,0
id_x9hpmdpb4ylmd.jpg,0
id_xacb6xbtge8bq.jpg,0
id_xaqnpzdnu4zxa.jpg,1
id_xbdpvm8a6b259.jpg,1
id_xbfhdvsa65evj.jpg,0
id_xcysbclszdw1j.jpg,0
id_xd5lnueuu2rpv.jpg,1
id_xevyo2dmt2za5.jpg,0
id_xg43dehj8i0mi.jpg,1
id_xgo5q8cpmb6i7.jpg,1
id_xh3nudqkydd4w.jpg,0
id_xhh58cf9u2bco.jpg,1
id_xhwh238ijn112.jpg,0
id_xjduzi723vwkd.jpg,0
id_xjwwa29hijllo.jpg,0
id_xlry3bkn0i1wy.jpg,0
id_xm3ie8vl7wdtq.jpg,1
id_xn6nj85nb76ug.jpg,1
id_xnk5ku5la871r.jpg,0
id_xo52vvgyg2tw8.jpg,0
id_xo59gmwvc7y4b.jpg,0
id_xoszqfw7r7yns.jpg,0
id_xpt45dkecatuu.jpg,1
id_xpyqyqmq74mpg.jpg,1
id_xra4f1rm17ol5.jpg,1
id_xsdtkxd4sfmmj.jpg,0
id_xsg26ufcu17cv.jpg,0
id_xt7s9dogf4fu5.jpg,1
id_xty3xbn8rju2x.jpg,1
id_xxgmr69aynvy0.jpg,0
id_xxt9jg2qoiz8a.jpg,1
id_xyd5wncqmmqiz.jpg,0
id_xz3prq30qb69e.jpg,1
id_xzusbomiobtgn.jpg,0
id_y0ng35bhfb79i.jpg,1
id_y1w2bl00uqc3a.jpg,1
id_y34yretfq7lcn.jpg,0
id_y3hx730olw11m.jpg,0
id_y5aw06h14uno7.jpg,1
id_y5cc205spiyuf.jpg,1
id_y5s59mdl0xlaj.jpg,1
id_y7b2btlurju6c.jpg,1
id_y8zgb1blvfj9m.jpg,0
id_y9d943yk7mao5.jpg,0
id_y9f78p4a4g50s.jpg,0
id_yale3m9psw0rw.jpg,1
id_yb7mlvqnk4n9h.jpg,0
id_ybzlndvtkabxy.jpg,0
id_ydied5uotf54j.jpg,0
id_ydz4x57930z8g.jpg,0
id_yexf7zq0hohgn.jpg,0
id_yexkuvbyapiua.jpg,1
id_yfchdbopvmtev.jpg,1
id_yj535vsdl88r8.jpg,0
id_yjgw1k688wqkd.jpg,1
id_yk2ifnjtbzutn.jpg,0
id_ykyxnvo5wphqz.jpg,1
id_ymrjlfam9mh6f.jpg,1
id_yqtwsi8z96doy.jpg,1
id_yrvcif4x8wrnc.jpg,0
id_ysb5aeq3zqfux.jpg,0
id_yt39n2bbae03w.jpg,1
id_yu8ztukyoulhd.jpg,0
id_yva0vjavvepes.jpg,0
id_yvkgwl9ufenp8.jpg,1
id_yvwadf416e2g3.jpg,0
id_yw55243fmn8yk.jpg,0
id_yx3cj4fdp6gbg.jpg,1
id_yyhg0irlcrbot.jpg,1
id_yylfprbrflrev.jpg,1
id_yzdlrbld9ewbi.jpg,0
id_yzhxpuqet9ny7.jpg,1
id_yzwyfro0ijmzb.jpg,1
id_z0acv12tapwj4.jpg,0
id_z0fnkua3e3hpl.jpg,1
id_z1eyo3t00vjn9.jpg,1
id_z1rxxjgoew371.jpg,0
id_z1sdqovelcxy3.jpg,0
id_z22462kf9ig0b.jpg,1
id_z25btxim2egxf.jpg,1
id_z2eyd5obemt6i.jpg,1
id_z2s3mwm41nfeg.jpg,1
id_z2xdxks2mabgl.jpg,0
id_z5s2pp4rtt15v.jpg,1
id_z6nut6nh699jx.jpg,0
id_z6pjwi9a33f4p.jpg,1
id_z8bmlrrsagx5b.jpg,0
id_z8ljcrppb54i5.jpg,1
id_z8pqrawze3ris.jpg,1
id_z8qcphcsj2v7p.jpg,0
id_z9yo8au0nbpc3.jpg,1
id_zaefjbjcme81m.jpg,0
id_zax4vo8uaw73l.jpg,0
id_zbdls3u4epk2q.jpg,0
id_zbzgkw14mdnlw.jpg,0
id_zcm6ptwtyqb9o.jpg,1
id_zehit3qijcph8.jpg,1
id_zhizwrcgl6tnu.jpg,0
id_zhok6648ypi53.jpg,1
id_zi85wl6irc5yx.jpg,0
id_zj39k0wo0vz0p.jpg,0
id_zjq1hynwv2lwj.jpg,1
id_zkc86wqhhklgh.jpg,1
id_zkqo9tf2av5gw.jpg,0
id_zku0n9fxgr9zl.jpg,0
id_zkxc1lssa7fqh.jpg,1
id_zm116pc1ew179.jpg,1
id_zn76xuzlkt55g.jpg,1
id_znfv94esdbiae.jpg,1
id_zqs366zt1qhsk.jpg,0
id_zqvto0725ipyp.jpg,0
id_zrcr2h2im6dxf.jpg,1
id_zrf1msg5lku5s.jpg,0
id_zsikh94rq4xhn.jpg,0
id_zsnxlnf1wa805.jpg,0
id_zstp393nubqpe.jpg,1
id_zsts4k0kqtywj.jpg,1
id_zsv7vc6mzcqyj.jpg,1
id_zsvdecgfick1x.jpg,0
id_ztf4l3e8m6gmh.jpg,0
id_ztgztu5vexsoe.jpg,1
id_ztue0lrjt4l4g.jpg,0
id_zyubro5pfg31d.jpg,0
id_zz20l1nlkrid7.jpg,0
